VIN;Автосалон;Марка;Модель;Год выпуска;Пробег;Состояние исходное;Состояние;В основной выборке;Ценовой сегмент;Срок хранения;Срок публикации;Цена продажи факт;% цены к рынку;МЦП;% цены к МЦП;% цены к МЦП исходный;Отклонение от МЦП, ₽;Отклонение от МЦП, % п.п.;Суммарные затраты;% затрат к рынку выбытие;GM1, ₽;GM1, %;GM2, ₽;GM2, %;Категория GM2;Средний пробег рынка;Количество звонков за последнее время;Количество звонков;Статус звонков;Скоринг исходный;Средняя скорость продажи;Оценщик;Менеджер по продажам;Контракт;% затрат к рынку оценка;Собственнику;Подготовка оценка;Цена продажи из оценки (не МЦП);Оценок по VIN;Оценщики все;Менеджеры все;Дублей в выбытиях;Дублей в МЦП;Есть МЦП;Есть оценка;flag_no_publication;flag_zero_calls;flag_calls_no_data;flag_below_market;flag_below_market_90;flag_below_market_80;flag_quick_below_market;flag_below_ocp;flag_below_ocp_95;flag_below_ocp_90;flag_negative_gm2;flag_multiple_evaluations;Риск-балл;Уровень риска;Риск-флаги
Z8PFF3A5XEA068111;Avangard Приморский;Great Wall;Hover H3;2014;152908;Плохое (D);D;True;<1 млн ₽;5.0;0.0;618000.0;81.0;;;;;;309000.0;41.0;309000.0;50.0;214983.0;34.8;Высокая прибыль;150944;;;нет данных;3-;14;Вырышев Максим;Вырышев Максим;Trade-In на новый;67.0;500000.0;20000.0;577778.0;1;Вырышев Максим;Вырышев Максим;1;1;False;True;True;False;True;True;True;False;True;False;False;False;False;False;8;Высокий;"без публикации; нет данных по звонкам; ниже рынка; ниже 90% рынка; ниже рынка ≤7 дней"
XW8ZZZ4G7GG038680;Авангард Выкуп;Audi;A6;2015;303000;Не указано;Не указано;True;1–2 млн ₽;0.0;0.0;1256000.0;76.0;;;;;;1305600.0;79.0;-49600.0;-4.0;-35647.0;-2.8;Убыток;196609;;;нет данных;2+;38;Мироненко Алексей;Мироненко Алексей;Выкуп;80.0;1728778.0;9622.0;2173000.0;2;"Безносов Никита; Мироненко Алексей";"Безносов Никита; Мироненко Алексей";2;2;False;True;True;False;True;True;True;True;True;False;False;False;True;True;12;Критический;"без публикации; нет данных по звонкам; ниже рынка; ниже 90% рынка; ниже 80% рынка; ниже рынка ≤7 дней; GM2<0; несколько оценок"
LFMJN5BF3R3110960;Авангард Выкуп;Toyota;RAV4;2024;22186;Отличное (A);A;True;3–5 млн ₽;4.0;0.0;4000000.0;100.0;;;;;;3600000.0;90.0;400000.0;10.0;265293.0;6.6;Средняя прибыль;24188;;;нет данных;2;44;Безносов Никита;Безносов Никита;Выкуп;80.0;3101578.0;9622.0;3889000.0;1;Безносов Никита;Безносов Никита;1;1;False;True;True;False;True;False;False;False;False;False;False;False;False;False;3;Средний;"без публикации; нет данных по звонкам"
XW8ZZZ5NZDG132092;Авангард Выкуп;Volkswagen;Tiguan;2013;135701;Хорошее (B);B;True;1–2 млн ₽;10.0;31.0;1070000.0;89.0;;;;;;935000.0;78.0;135000.0;13.0;82718.0;7.7;Высокая прибыль;191247;1.0;1.0;звонки были;4-;32;Бабкин Кирилл;Бабкин Кирилл;Выкуп;80.0;914378.0;9622.0;1155000.0;1;Бабкин Кирилл;Бабкин Кирилл;1;1;False;True;False;False;False;True;True;False;False;False;False;False;False;False;3;Средний;"ниже рынка; ниже 90% рынка"
LVVDB21B3PD172006;Avangard Приморский;Omoda;C5;2023;48502;Среднее (C);C;True;1–2 млн ₽;0.0;0.0;1380000.0;78.0;1586206.896551724;87.0;87.0;-206206.89655172406;-13.0;9000.0;100.0;;;34370.0;2.5;Низкая прибыль;44649;;;нет данных;4+;20;Вырышев Максим;Вырышев Максим;Trade-In на новый;77.0;1350000.0;20000.0;1462000.0;1;Вырышев Максим;Вырышев Максим;1;1;True;True;True;False;True;True;True;True;True;True;True;True;False;False;15;Критический;"без публикации; нет данных по звонкам; ниже рынка; ниже 90% рынка; ниже 80% рынка; ниже рынка ≤7 дней; ниже МЦП; ниже 95% МЦП; ниже 90% МЦП"
XW7B14HK20S220322;Avangard Приморский;Toyota;Camry;2021;281744;Плохое (D);D;True;1–2 млн ₽;0.0;0.0;1400000.0;63.0;1489361.7021276597;94.0;94.0;-89361.7021276597;-6.0;1269000.0;57.0;131000.0;9.0;90637.0;6.5;Средняя прибыль;101288;;;нет данных;4-;28;Вырышев Максим;Вырышев Максим;Trade-In на новый;56.99999999999999;1260000.0;20000.0;1422222.0;1;Вырышев Максим;Вырышев Максим;1;1;True;True;True;False;True;True;True;True;True;True;True;False;False;False;14;Критический;"без публикации; нет данных по звонкам; ниже рынка; ниже 90% рынка; ниже 80% рынка; ниже рынка ≤7 дней; ниже МЦП; ниже 95% МЦП"
XZGEE04A8PA859255;Avangard Приморский;Haval;Jolion;2023;95531;Среднее (C);C;True;1–2 млн ₽;8.0;2.0;1390000.0;93.0;;;;;;989000.0;66.0;401000.0;29.0;276201.0;19.9;Высокая прибыль;39837;4.0;4.0;звонки были;1+;;Вырышев Максим;Вырышев Максим;Trade-In на новый;69.0;1000000.0;20000.0;1133333.0;1;Вырышев Максим;Вырышев Максим;1;1;False;True;False;False;False;True;False;False;True;False;False;False;False;False;4;Средний;"ниже рынка; ниже рынка ≤7 дней"
YV1MW214272323766;Avangard Приморский;Volvo;V50;2007;418419;Плохое (D);D;True;<1 млн ₽;5.0;0.0;215000.0;31.0;228723.40425531915;94.0;94.0;-13723.404255319154;-6.0;105390.0;15.0;109610.0;51.0;75905.0;35.3;Высокая прибыль;245250;;;нет данных;;;Параничев Андрей;Параничев Андрей;Trade-In на новый;56.00000000000001;211470.0;20000.0;293000.0;1;Параничев Андрей;Параничев Андрей;1;1;True;True;True;False;True;True;True;True;True;True;True;False;False;False;14;Критический;"без публикации; нет данных по звонкам; ниже рынка; ниже 90% рынка; ниже 80% рынка; ниже рынка ≤7 дней; ниже МЦП; ниже 95% МЦП"
X7LHSRDB467946735;Avangard Приморский;Renault;Duster;2021;91002;Хорошее (B);B;True;1–2 млн ₽;7.0;1.0;1790000.0;96.0;;;;;;1575390.0;84.0;214610.0;12.0;144001.0;8.0;Высокая прибыль;81567;2.0;2.0;звонки были;2+;;Жиганов Василий;Жиганов Василий;Trade-In;83.0;1500000.0;20000.0;1688889.0;1;Жиганов Василий;Жиганов Василий;1;1;False;True;False;False;False;True;False;False;True;False;False;False;False;False;4;Средний;"ниже рынка; ниже рынка ≤7 дней"
XW8ZZZ5NZDG127020;Avangard Приморский;Volkswagen;Tiguan;2013;152800;Среднее (C);C;True;1–2 млн ₽;1.0;0.0;1120000.0;74.0;;;;;;909000.0;60.0;211000.0;19.0;146405.0;13.1;Высокая прибыль;175319;;;нет данных;4-;26;Вырышев Максим;Вырышев Максим;Trade-In на новый;72.0;1050000.0;20000.0;1188889.0;1;Вырышев Максим;Вырышев Максим;1;1;False;True;True;False;True;True;True;True;True;False;False;False;False;False;10;Критический;"без публикации; нет данных по звонкам; ниже рынка; ниже 90% рынка; ниже 80% рынка; ниже рынка ≤7 дней"
SB1BG76L10E007352;Avangard Приморский;Toyota;Avensis;2009;211824;Хорошее (B);B;True;<1 млн ₽;1.0;0.0;850000.0;78.0;;;;;;709000.0;65.0;141000.0;17.0;97282.0;11.4;Высокая прибыль;222519;;;нет данных;1;;Параничев Андрей;Параничев Андрей;Trade-In на новый;77.0;801920.0;20000.0;934000.0;1;Параничев Андрей;Параничев Андрей;1;1;False;True;True;False;True;True;True;True;True;False;False;False;False;False;10;Критический;"без публикации; нет данных по звонкам; ниже рынка; ниже 90% рынка; ниже 80% рынка; ниже рынка ≤7 дней"
VF38D4HLACL036980;Avangard Приморский;Peugeot;508;2012;146603;Хорошее (B);B;True;<1 млн ₽;2.0;0.0;850000.0;88.0;934065.934065934;91.0;91.0;-84065.93406593404;-9.0;706966.0;73.0;143034.0;17.0;98665.0;11.6;Высокая прибыль;205417;;;нет данных;;;Симаньков Артем;Симаньков Артем;Trade-In на новый;68.0;620800.0;20000.0;712000.0;1;Симаньков Артем;Симаньков Артем;1;1;True;True;True;False;True;True;True;False;True;True;True;False;False;False;12;Критический;"без публикации; нет данных по звонкам; ниже рынка; ниже 90% рынка; ниже рынка ≤7 дней; ниже МЦП; ниже 95% МЦП"
XWF0AHL48C0007655;Avangard Приморский;Opel;Astra;2011;117132;Плохое (D);D;True;<1 млн ₽;0.0;0.0;310000.0;53.0;;;;;;250000.0;43.0;60000.0;19.0;42200.0;13.6;Высокая прибыль;194537;;;нет данных;3+;41;Параничев Андрей;Параничев Андрей;Trade-In на новый;72.0;400000.0;20000.0;525000.0;1;Параничев Андрей;Параничев Андрей;1;1;False;True;True;False;True;True;True;True;True;False;False;False;False;False;10;Критический;"без публикации; нет данных по звонкам; ниже рынка; ниже 90% рынка; ниже 80% рынка; ниже рынка ≤7 дней"
XWEJ281EAL0000223;Avangard Приморский;Kia;Soul;2019;92600;Плохое (D);D;True;<1 млн ₽;1.0;0.0;900000.0;61.0;1000000.0;90.0;90.0;-100000.0;-10.0;800000.0;54.0;100000.0;11.0;69895.0;7.8;Высокая прибыль;122585;;;нет данных;1;;Параничев Андрей;Параничев Андрей;Trade-In на новый;77.0;1113100.0;20000.0;1259000.0;1;Параничев Андрей;Параничев Андрей;1;1;True;True;True;False;True;True;True;True;True;True;True;False;False;False;14;Критический;"без публикации; нет данных по звонкам; ниже рынка; ниже 90% рынка; ниже 80% рынка; ниже рынка ≤7 дней; ниже МЦП; ниже 95% МЦП"
XWFSD9EM1E0000346;Avangard Приморский;Opel;Meriva;2013;150206;Среднее (C);C;True;<1 млн ₽;4.0;2.0;750000.0;102.0;;;;;;585000.0;80.0;165000.0;22.0;114168.0;15.2;Высокая прибыль;167261;2.0;2.0;звонки были;1+;;Вырышев Максим;Вырышев Максим;Trade-In на новый;81.0;585000.0;20000.0;672222.0;1;Вырышев Максим;Вырышев Максим;1;1;False;True;False;False;False;False;False;False;False;False;False;False;False;False;0;Низкий;
WP1ZZZ9YZLDA35117;Авангард Выкуп;Porsche;Cayenne;2023;109341;Не указано;Не указано;True;Нет данных;0.0;0.0;;;;;;;;;;;;;;;26612;;;нет данных;;;Богачев Андрей;Богачев Андрей;Выкуп;81.0;6114400.0;20000.0;6816000.0;2;"Безносов Никита; Богачев Андрей";"Безносов Никита; Богачев Андрей";1;1;False;True;True;False;True;False;False;False;False;False;False;False;False;True;3;Средний;"без публикации; нет данных по звонкам; несколько оценок"
SALLAAAF6DA671771;Avangard Приморский;Land Rover;Discovery;2013;189593;Среднее (C);C;True;2–3 млн ₽;8.0;8.0;2145000.0;85.0;;;;;;1721100.0;69.0;423900.0;20.0;283482.0;13.2;Высокая прибыль;237920;0.0;0.0;0 звонков;2+;39;Вырышев Максим;Вырышев Максим;Trade-In на новый;81.0;1916800.0;20000.0;2152000.0;2;"Вырышев Максим; Жиганов Василий";"Вырышев Максим; Жиганов Василий";1;1;False;True;False;True;False;True;True;False;False;False;False;False;False;True;5;Средний;"0 звонков; ниже рынка; ниже 90% рынка; несколько оценок"
TMBAB43T3D9009319;Avangard Приморский;Skoda;Superb;2012;199900;Среднее (C);C;True;<1 млн ₽;3.0;0.0;750000.0;74.0;;;;;;625390.0;62.0;124610.0;17.0;85716.0;11.4;Высокая прибыль;232007;;;нет данных;2;39;Жиганов Василий;Жиганов Василий;Trade-In;75.0;700000.0;20000.0;800000.0;1;Жиганов Василий;Жиганов Василий;1;1;False;True;True;False;True;True;True;True;True;False;False;False;False;False;10;Критический;"без публикации; нет данных по звонкам; ниже рынка; ниже 90% рынка; ниже 80% рынка; ниже рынка ≤7 дней"
Z94CB41BBDR122769;Avangard Приморский;Kia;Rio;2013;120888;Среднее (C);C;True;<1 млн ₽;4.0;2.0;740000.0;80.0;;;;;;643500.0;70.0;96500.0;13.0;64211.0;8.7;Высокая прибыль;193759;;;нет данных;4-;26;Вырышев Максим;Поликарпов Денис;Trade-In на БУ;70.0;630000.0;20000.0;722222.0;1;Вырышев Максим;Поликарпов Денис;1;1;False;True;False;False;True;True;True;False;True;False;False;False;False;False;5;Средний;"нет данных по звонкам; ниже рынка; ниже 90% рынка; ниже рынка ≤7 дней"
KMHBU51DP8U760098;Авангард Выкуп;Hyundai;Getz;2007;137901;Не указано;Не указано;True;<1 млн ₽;3.0;0.0;360000.0;69.0;;;;;;260000.0;50.0;100000.0;28.0;67756.0;18.8;Высокая прибыль;197782;;;нет данных;4+;16;Вырышев Максим;Полежаев Александр;Trade-In на БУ;52.0;250000.0;20000.0;300000.0;2;"Бабкин Кирилл; Вырышев Максим";"Бабкин Кирилл; Полежаев Александр";1;1;False;True;True;False;True;True;True;True;True;False;False;False;False;True;10;Критический;"без публикации; нет данных по звонкам; ниже рынка; ниже 90% рынка; ниже 80% рынка; ниже рынка ≤7 дней; несколько оценок"
WMWLN710802D92834;Авангард Выкуп;Mini;Clubman;2016;98714;Среднее (C);C;True;1–2 млн ₽;1.0;0.0;1600000.0;73.0;;;;;;1550000.0;70.0;50000.0;3.0;33167.0;2.1;Низкая прибыль;120500;;;нет данных;;;Бабкин Кирилл;Бабкин Кирилл;Выкуп;80.0;1510378.0;9622.0;1900000.0;2;Бабкин Кирилл;Бабкин Кирилл;1;1;False;True;True;False;True;True;True;True;True;False;False;False;False;True;10;Критический;"без публикации; нет данных по звонкам; ниже рынка; ниже 90% рынка; ниже 80% рынка; ниже рынка ≤7 дней; несколько оценок"
WAUZZZ8E33A360537;Avangard Приморский;Audi;A4;2003;245719;Среднее (C);C;True;<1 млн ₽;4.0;0.0;495000.0;101.0;;;;;;105390.0;22.0;389610.0;79.0;272896.0;55.1;Высокая прибыль;336676;;;нет данных;;;Бойцов Иван;Бойцов Иван;Trade-In на новый;41.0;200000.0;20000.0;244444.0;1;Бойцов Иван;Бойцов Иван;1;1;False;True;True;False;True;False;False;False;False;False;False;False;False;False;3;Средний;"без публикации; нет данных по звонкам"
L6T7852D8ND109053;Avangard Приморский;Geely;Tugella;2022;29055;Хорошее (B);B;True;2–3 млн ₽;12.0;11.0;2740000.0;91.0;2767676.767676768;99.0;99.0;-27676.767676767893;-1.0;2321100.0;77.0;418900.0;15.0;270400.0;9.9;Высокая прибыль;30805;0.0;0.0;0 звонков;4-;25;Вырышев Максим;Вырышев Максим;Trade-In на новый;81.0;2346100.0;20000.0;2629000.0;1;Вырышев Максим;Вырышев Максим;1;1;True;True;False;True;False;True;False;False;False;True;False;False;False;False;7;Высокий;"0 звонков; ниже рынка; ниже МЦП"
1C4RJFCGXDC566266;Avangard Приморский;Jeep;Grand Cherokee;2012;325500;Плохое (D);D;True;<1 млн ₽;2.0;0.0;950000.0;65.0;;;;;;805390.0;55.0;144610.0;15.0;99928.0;10.5;Высокая прибыль;251160;;;нет данных;2+;38;Бойцов Иван;Бойцов Иван;Trade-In на новый;70.0;1000000.0;20000.0;1133333.0;1;Бойцов Иван;Бойцов Иван;1;1;False;True;True;False;True;True;True;True;True;False;False;False;False;False;10;Критический;"без публикации; нет данных по звонкам; ниже рынка; ниже 90% рынка; ниже 80% рынка; ниже рынка ≤7 дней"
WAUZZZ8R1HA014593;Avangard Приморский;Audi;Q5;2016;103215;Среднее (C);C;True;2–3 млн ₽;8.0;0.0;2170000.0;80.0;;;;;;2027500.0;74.0;142500.0;7.0;86754.0;4.0;Низкая прибыль;157875;;;нет данных;3;25;Бойцов Иван;Бойцов Иван;Trade-In на новый;77.0;2100000.0;20000.0;2355556.0;1;Бойцов Иван;Бойцов Иван;1;1;False;True;True;False;True;True;True;False;True;False;False;False;False;False;8;Высокий;"без публикации; нет данных по звонкам; ниже рынка; ниже 90% рынка; ниже рынка ≤7 дней"
Z6FAXXESMAJU11018;Avangard Приморский;Ford;Kuga;2018;115000;Хорошее (B);B;True;1–2 млн ₽;6.0;0.0;1790000.0;101.0;;;;;;1405390.0;79.0;384610.0;21.0;264990.0;14.8;Высокая прибыль;143107;;;нет данных;4+;17;Тронягин Кирилл;Тронягин Кирилл;Trade-In на новый;86.0;1400000.0;20000.0;1613636.0;1;Тронягин Кирилл;Тронягин Кирилл;1;1;False;True;True;False;True;False;False;False;False;False;False;False;False;False;3;Средний;"без публикации; нет данных по звонкам"
JTEHH20V306112352;Авангард Выкуп;Toyota;RAV4;2004;;Не указано;Не указано;True;<1 млн ₽;1.0;0.0;605000.0;;;;;;;450000.0;;155000.0;26.0;105520.0;17.4;Высокая прибыль;;;;нет данных;;;;;;;;;;0;;;1;1;False;False;True;False;True;False;False;False;False;False;False;False;False;False;3;Средний;"без публикации; нет данных по звонкам"
XTT316300J1018091;Avangard Приморский;УАЗ;Патриот;2018;60555;Хорошее (B);B;True;1–2 млн ₽;13.0;6.0;1100000.0;95.0;;;;;;822900.0;71.0;277100.0;25.0;173871.0;15.8;Высокая прибыль;101215;4.0;5.0;звонки были;4-;15;Бойцов Иван;Бойцов Иван;Trade-In на новый;76.0;800000.0;20000.0;911111.0;1;Бойцов Иван;Бойцов Иван;1;1;False;True;False;False;False;True;False;False;True;False;False;False;False;False;4;Средний;"ниже рынка; ниже рынка ≤7 дней"
LVVDB21B2PD965233;Avangard Приморский;Chery;Tiggo 4 Pro;2023;57850;Хорошее (B);B;True;1–2 млн ₽;7.0;4.0;1270000.0;90.0;1309278.3505154639;97.0;97.0;-39278.350515463855;-3.0;1109000.0;78.0;161000.0;13.0;106447.0;8.4;Высокая прибыль;65236;0.0;0.0;0 звонков;3+;16;Параничев Андрей;Параничев Андрей;Trade-In на новый;81.0;1111300.0;20000.0;1257000.0;1;Параничев Андрей;Параничев Андрей;1;1;True;True;False;True;False;True;False;False;True;True;False;False;False;False;9;Критический;"0 звонков; ниже рынка; ниже рынка ≤7 дней; ниже МЦП"
WP0CB2987LS225200;Авангард Выкуп;Porsche;Boxster;2019;12720;Отличное (A);A;True;5+ млн ₽;4.0;4.0;9200000.0;130.0;;;;;;;;;;;;;72000;0.0;0.0;0 звонков;;;Богачев Андрей;Богачев Андрей;Выкуп;80.0;5670378.0;9622.0;7100000.0;1;Богачев Андрей;Богачев Андрей;1;1;False;True;False;True;False;False;False;False;False;False;False;False;False;False;2;Низкий;0 звонков
XW8AD6NE2FH013203;Авангард Выкуп;Skoda;Octavia;2014;245501;Не указано;Не указано;True;<1 млн ₽;3.0;0.0;890000.0;77.0;;;;;;800000.0;69.0;90000.0;10.0;60035.0;6.7;Средняя прибыль;226812;;;нет данных;3-;35;Бабкин Кирилл;Бабкин Кирилл;Выкуп;0.0;;;;1;Бабкин Кирилл;Бабкин Кирилл;1;1;False;True;True;False;True;True;True;True;True;False;False;False;False;False;10;Критический;"без публикации; нет данных по звонкам; ниже рынка; ниже 90% рынка; ниже 80% рынка; ниже рынка ≤7 дней"
Z6FBXXESWBJT04173;Avangard Приморский;Ford;Explorer;2018;106500;Плохое (D);D;True;2–3 млн ₽;2.0;0.0;2400000.0;75.0;;;;;;2106966.0;65.0;293034.0;12.0;202631.0;8.4;Высокая прибыль;164625;;;нет данных;3+;35;Параничев Андрей;Параничев Андрей;Trade-In на новый;75.0;2446000.0;20000.0;2740000.0;1;Параничев Андрей;Параничев Андрей;1;1;False;True;True;False;True;True;True;True;True;False;False;False;False;False;10;Критический;"без публикации; нет данных по звонкам; ниже рынка; ниже 90% рынка; ниже 80% рынка; ниже рынка ≤7 дней"
Z8TXTGF2WKM033746;Avangard Приморский;Mitsubishi;Outlander;2019;181653;Среднее (C);C;True;1–2 млн ₽;2.0;0.0;1749000.0;87.0;;;;;;1379000.0;69.0;370000.0;21.0;257222.0;14.7;Высокая прибыль;135235;;;нет данных;3+;29;Вырышев Максим;Вырышев Максим;Trade-In на новый;73.0;1400000.0;20000.0;1577778.0;1;Вырышев Максим;Вырышев Максим;1;1;False;True;True;False;True;True;True;False;True;False;False;False;False;False;8;Высокий;"без публикации; нет данных по звонкам; ниже рынка; ниже 90% рынка; ниже рынка ≤7 дней"
Z8NTANZ51CS007438;Avangard Приморский;Nissan;Murano;2012;150200;Среднее (C);C;True;1–2 млн ₽;5.0;3.0;1159000.0;102.0;;;;;;706966.0;62.0;452034.0;39.0;314233.0;27.1;Высокая прибыль;187358;0.0;0.0;0 звонков;3-;19;Жиганов Василий;Жиганов Василий;Trade-In;57.99999999999999;800000.0;20000.0;911111.0;1;Жиганов Василий;Жиганов Василий;1;1;False;True;False;True;False;False;False;False;False;False;False;False;False;False;2;Низкий;0 звонков
WDD2043491F696750;Авангард Выкуп;Mercedes-Benz;C-Класс;2011;180701;Среднее (C);C;True;1–2 млн ₽;15.0;15.0;1430000.0;105.0;;;;;;1150000.0;85.0;280000.0;20.0;177671.0;12.4;Высокая прибыль;203857;1.0;2.0;звонки были;1;;Бабкин Кирилл;Бабкин Кирилл;Выкуп;80.0;1304778.0;9622.0;1643000.0;2;Бабкин Кирилл;Бабкин Кирилл;1;1;False;True;False;False;False;False;False;False;False;False;False;False;False;True;0;Низкий;несколько оценок
Y4K8622Z9RB919380;Avangard Приморский;Belgee;X50;2024;21589;Хорошее (B);B;True;1–2 млн ₽;11.0;4.0;1904000.0;95.0;;;;;;1649290.0;82.0;254710.0;13.0;164142.0;8.6;Высокая прибыль;49968;1.0;1.0;звонки были;4;33;Вырышев Максим;Вырышев Максим;Trade-In на новый;83.0;1650000.0;20000.0;1855556.0;1;Вырышев Максим;Вырышев Максим;1;1;False;True;False;False;False;True;False;False;True;False;False;False;False;False;4;Средний;"ниже рынка; ниже рынка ≤7 дней"
WMWXR91080TF02163;Авангард Выкуп;Mini;Hatch;2018;146000;Хорошее (B);B;True;2–3 млн ₽;23.0;39.0;2100000.0;65.0;;;;;;1900000.0;58.0;200000.0;10.0;124184.0;5.8;Средняя прибыль;92500;1.0;4.0;звонки были;1;;Безносов Никита;Безносов Никита;Выкуп;71.0;1798378.0;9622.0;2260000.0;1;Безносов Никита;Безносов Никита;1;1;False;True;False;False;False;True;True;True;False;False;False;False;False;False;5;Средний;"ниже рынка; ниже 90% рынка; ниже 80% рынка"
XWEPH813DK0004870;Avangard Приморский;Kia;Sorento;2019;152550;Хорошее (B);B;True;2–3 млн ₽;19.0;12.0;2445000.0;95.0;;;;;;1950570.0;76.0;494430.0;20.0;315565.0;12.9;Высокая прибыль;124670;5.0;5.0;звонки были;4-;16;Вырышев Максим;Вырышев Максим;Trade-In на новый;75.0;1950000.0;20000.0;2188889.0;1;Вырышев Максим;Вырышев Максим;1;1;False;True;False;False;False;True;False;False;False;False;False;False;False;False;2;Низкий;ниже рынка
X7LHSRDVN50673902;Avangard Приморский;Renault;Duster;2014;120093;Плохое (D);D;True;<1 млн ₽;1.0;0.0;620000.0;70.0;;;;;;505390.0;57.0;114610.0;18.0;79434.0;12.8;Высокая прибыль;211082;;;нет данных;4-;27;Симаньков Артем;Симаньков Артем;Trade-In на новый;75.0;650000.0;20000.0;744444.0;1;Симаньков Артем;Симаньков Артем;1;1;False;True;True;False;True;True;True;True;True;False;False;False;False;False;10;Критический;"без публикации; нет данных по звонкам; ниже рынка; ниже 90% рынка; ниже 80% рынка; ниже рынка ≤7 дней"
XZGEE04A9PA866926;Avangard Приморский;Haval;Jolion;2023;30416;Хорошее (B);B;True;1–2 млн ₽;5.0;0.0;1808000.0;94.0;;;;;;1559000.0;81.0;249000.0;14.0;169359.0;9.4;Высокая прибыль;55082;;;нет данных;4;35;Жиганов Василий;Жиганов Василий;Trade-In на новый;80.0;1500000.0;20000.0;1688889.0;1;Жиганов Василий;Жиганов Василий;1;1;False;True;True;False;True;True;False;False;True;False;False;False;False;False;7;Высокий;"без публикации; нет данных по звонкам; ниже рынка; ниже рынка ≤7 дней"
XWEGU411BK0008884;Avangard Приморский;Kia;Optima;2018;114904;Хорошее (B);B;True;1–2 млн ₽;14.0;10.0;1875000.0;102.0;;;;;;1520570.0;83.0;354430.0;19.0;228841.0;12.2;Высокая прибыль;157041;3.0;4.0;звонки были;4+;28;Параничев Андрей;Параничев Андрей;Trade-In на новый;85.0;1507300.0;20000.0;1697000.0;1;Параничев Андрей;Параничев Андрей;1;1;False;True;False;False;False;False;False;False;False;False;False;False;False;False;0;Низкий;
Z8NFDAJ11ES061964;Avangard Приморский;Nissan;Qashqai;2018;142400;Плохое (D);D;True;1–2 млн ₽;0.0;0.0;1050000.0;68.0;;;;;;905390.0;58.0;144610.0;14.0;100811.0;9.6;Высокая прибыль;137723;;;нет данных;1;;Бойцов Иван;Бойцов Иван;Trade-In на новый;79.0;1150000.0;20000.0;1300000.0;1;Бойцов Иван;Бойцов Иван;1;1;False;True;True;False;True;True;True;True;True;False;False;False;False;False;10;Критический;"без публикации; нет данных по звонкам; ниже рынка; ниже 90% рынка; ниже 80% рынка; ниже рынка ≤7 дней"
XW8ZZZ61ZCG058142;Avangard Приморский;Volkswagen;Polo;2012;244449;Плохое (D);D;True;<1 млн ₽;10.0;0.0;210000.0;31.0;280000.0;75.0;75.0;-70000.0;-25.0;108966.0;16.0;101034.0;48.0;69303.0;33.0;Высокая прибыль;208882;;;нет данных;4-;35;Жиганов Василий;Жиганов Василий;Trade-In;54.0;350000.0;20000.0;411111.0;1;Жиганов Василий;Жиганов Василий;1;1;True;True;True;False;True;True;True;True;True;True;True;True;False;False;15;Критический;"без публикации; нет данных по звонкам; ниже рынка; ниже 90% рынка; ниже 80% рынка; ниже рынка ≤7 дней; ниже МЦП; ниже 95% МЦП; ниже 90% МЦП"
YV1DZ8256D2373175;Avangard Приморский;Volvo;XC60;2012;258459;Плохое (D);D;True;1–2 млн ₽;5.0;0.0;1000000.0;65.0;;;;;;909000.0;59.0;91000.0;9.0;60013.0;6.0;Средняя прибыль;247291;;;нет данных;2+;20;Вырышев Максим;Вырышев Максим;Trade-In на БУ;78.0;1150000.0;20000.0;1300000.0;1;Вырышев Максим;Вырышев Максим;1;1;False;True;True;False;True;True;True;True;True;False;False;False;False;False;10;Критический;"без публикации; нет данных по звонкам; ниже рынка; ниже 90% рынка; ниже 80% рынка; ниже рынка ≤7 дней"
XW8ZZZ61ZFG045964;Avangard Приморский;Volkswagen;Polo;2015;137757;Среднее (C);C;True;<1 млн ₽;9.0;5.0;725000.0;86.0;;;;;;506966.0;60.0;218034.0;30.0;148720.0;20.5;Высокая прибыль;192525;2.0;2.0;звонки были;3;57;Вырышев Максим;Вырышев Максим;Trade-In на новый;64.0;525000.0;20000.0;605556.0;1;Вырышев Максим;Вырышев Максим;1;1;False;True;False;False;False;True;True;False;True;False;False;False;False;False;5;Средний;"ниже рынка; ниже 90% рынка; ниже рынка ≤7 дней"
WAUZZZ8K0CA062873;Avangard Приморский;Audi;A4;2011;210795;Плохое (D);D;True;<1 млн ₽;1.0;0.0;700000.0;66.0;;;;;;543500.0;51.0;156500.0;22.0;107524.0;15.4;Высокая прибыль;207265;;;нет данных;3-;34;Вырышев Максим;Вырышев Максим;Trade-In на новый;62.0;650000.0;20000.0;744444.0;1;Вырышев Максим;Вырышев Максим;1;1;False;True;True;False;True;True;True;True;True;False;False;False;False;False;10;Критический;"без публикации; нет данных по звонкам; ниже рынка; ниже 90% рынка; ниже 80% рынка; ниже рынка ≤7 дней"
WBAFF41090L108403;Авангард Выкуп;BMW;X5;2009;220001;Хорошее (B);B;True;1–2 млн ₽;11.0;12.0;1670000.0;87.0;;;;;;;;;;;;;287535;0.0;3.0;звонки были;3-;49;;;;;;;;0;;;1;1;False;False;False;False;False;True;True;False;False;False;False;False;False;False;3;Средний;"ниже рынка; ниже 90% рынка"
WAUZZZF27KN035518;Авангард Выкуп;Audi;A6;2019;165000;Отличное (A);A;True;3–5 млн ₽;16.0;17.0;3300000.0;;;;;;;3100000.0;;200000.0;6.0;97604.0;3.0;Низкая прибыль;;1.0;1.0;звонки были;2;41;Мироненко Алексей;Мироненко Алексей;Выкуп;80.0;2728778.0;9622.0;3423000.0;1;Мироненко Алексей;Мироненко Алексей;1;1;False;True;False;False;False;False;False;False;False;False;False;False;False;False;0;Низкий;
XW8ZZZ61ZKG004934;Avangard Приморский;Volkswagen;Polo;2018;92791;Хорошее (B);B;True;1–2 млн ₽;5.0;1.0;1161000.0;108.0;;;;;;889000.0;83.0;272000.0;23.0;187371.0;16.1;Высокая прибыль;211187;;;нет данных;4-;27;Симаньков Артем;Симаньков Артем;Trade-In на новый;81.0;945700.0;20000.0;1073000.0;1;Симаньков Артем;Симаньков Артем;1;1;False;True;False;False;True;False;False;False;False;False;False;False;False;False;0;Низкий;нет данных по звонкам
JN1TDNS51U0570082;Авангард Выкуп;Infiniti;QX70;2014;94455;Отличное (A);A;True;2–3 млн ₽;21.0;20.0;2350000.0;123.0;;;;;;2000000.0;104.0;350000.0;15.0;207692.0;8.8;Высокая прибыль;237311;2.0;2.0;звонки были;2;27;Юраго Сергей;Юраго Сергей;Trade-In;80.0;1768778.0;9622.0;2223000.0;1;Юраго Сергей;Юраго Сергей;1;1;False;True;False;False;False;False;False;False;False;False;False;False;False;False;0;Низкий;
WDC2533641F467190;Авангард Выкуп;Mercedes-Benz;GLC Coupe AMG;2018;50450;Хорошее (B);B;True;3–5 млн ₽;12.0;12.0;4220000.0;100.0;;;;;;3609622.0;86.0;610378.0;14.0;381360.0;9.0;Высокая прибыль;113000;0.0;7.0;звонки были;1-;;Михайлов Павел;Михайлов Павел;Trade-In на новый;79.0;4339600.0;20000.0;4844000.0;1;Михайлов Павел;Михайлов Павел;2;2;False;True;False;False;False;False;False;False;False;False;False;False;False;False;0;Низкий;
WDD2130051A541104;Avangard Приморский;Mercedes-Benz;E-Класс;2019;135685;Хорошее (B);B;True;3–5 млн ₽;19.0;16.0;3090000.0;93.0;;;;;;2640808.0;80.0;449192.0;15.0;274505.0;8.9;Высокая прибыль;166876;2.0;2.0;звонки были;2+;29;Тронягин Кирилл;Малкин Денис;Trade-In на новый;80.0;2700000.0;20000.0;3133333.0;1;Тронягин Кирилл;Малкин Денис;1;1;False;True;False;False;False;True;False;False;False;False;False;False;False;False;2;Низкий;ниже рынка
Z8NFBNJ11ES060563;Avangard Приморский;Nissan;Qashqai;2018;99450;Среднее (C);C;True;1–2 млн ₽;17.0;15.0;1680000.0;87.0;;;;;;1569066.0;81.0;110934.0;7.0;52382.0;3.1;Низкая прибыль;112357;1.0;1.0;звонки были;3;23;Вырышев Максим;Вырышев Максим;Trade-In на новый;82.0;1550000.0;20000.0;1744444.0;1;Вырышев Максим;Вырышев Максим;1;1;False;True;False;False;False;True;True;False;False;False;False;False;False;False;3;Средний;"ниже рынка; ниже 90% рынка"
JTMKD31V405032526;Авангард Выкуп;Toyota;RAV4;2008;148271;Отличное (A);A;True;1–2 млн ₽;8.0;7.0;1100000.0;100.0;;;;;;900000.0;82.0;200000.0;18.0;128846.0;11.7;Высокая прибыль;185947;2.0;2.0;звонки были;2+;44;Юраго Сергей;Юраго Сергей;Выкуп;80.0;845578.0;9622.0;1069000.0;1;Юраго Сергей;Юраго Сергей;1;1;False;True;False;False;False;False;False;False;False;False;False;False;False;False;0;Низкий;
KNADH411BA6588024;Avangard Приморский;Kia;Rio;2009;203271;Плохое (D);D;True;<1 млн ₽;8.0;0.0;320000.0;59.0;;;;;;229000.0;43.0;91000.0;28.0;61499.0;19.2;Высокая прибыль;200149;;;нет данных;3;24;Параничев Андрей;Параничев Андрей;Trade-In на новый;65.0;300720.0;20000.0;422000.0;1;Параничев Андрей;Параничев Андрей;1;1;False;True;True;False;True;True;True;True;True;False;False;False;False;False;10;Критический;"без публикации; нет данных по звонкам; ниже рынка; ниже 90% рынка; ниже 80% рынка; ниже рынка ≤7 дней"
JN1BBUJ32U0004901;Avangard Приморский;Nissan;Teana;2008;175170;Плохое (D);D;True;<1 млн ₽;15.0;0.0;450000.0;51.0;;;;;;356966.0;40.0;93034.0;21.0;61339.0;13.6;Высокая прибыль;239055;;;нет данных;3;49;Вырышев Максим;Вырышев Максим;Trade-In на новый;56.99999999999999;500000.0;20000.0;577778.0;1;Вырышев Максим;Вырышев Максим;1;1;False;True;True;False;True;True;True;True;True;False;False;False;False;False;10;Критический;"без публикации; нет данных по звонкам; ниже рынка; ниже 90% рынка; ниже 80% рынка; ниже рынка ≤7 дней"
TMBLD6NS7J8011112;Авангард Выкуп;Skoda;Kodiaq;2017;150901;Среднее (C);C;True;2–3 млн ₽;10.0;9.0;2100000.0;86.0;;;;;;1880000.0;77.0;220000.0;10.0;133322.0;6.3;Средняя прибыль;155982;1.0;1.0;звонки были;3-;49;Бабкин Кирилл;Бабкин Кирилл;Выкуп;0.0;;;;1;Бабкин Кирилл;Бабкин Кирилл;1;1;False;True;False;False;False;True;True;False;False;False;False;False;False;False;3;Средний;"ниже рынка; ниже 90% рынка"
WF0RXXGCDRBD00524;Avangard Приморский;Ford;Kuga;2011;168737;Плохое (D);D;True;<1 млн ₽;2.0;0.0;480000.0;57.0;;;;;;380000.0;45.0;100000.0;21.0;69917.0;14.6;Высокая прибыль;199954;;;нет данных;2;34;Вырышев Максим;Вырышев Максим;Trade-In на новый;65.0;550000.0;20000.0;633333.0;1;Вырышев Максим;Вырышев Максим;1;1;False;True;True;False;True;True;True;True;True;False;False;False;False;False;10;Критический;"без публикации; нет данных по звонкам; ниже рынка; ниже 90% рынка; ниже 80% рынка; ниже рынка ≤7 дней"
LVTDD24B6ND253402;Avangard Приморский;Exeed;VX;2022;63576;Хорошее (B);B;True;2–3 млн ₽;18.0;17.0;2590000.0;98.0;;;;;;2243600.0;85.0;346400.0;13.0;208525.0;8.1;Высокая прибыль;74625;1.0;1.0;звонки были;4-;29;Параничев Андрей;Параничев Андрей;Trade-In на новый;84.0;2290300.0;20000.0;2567000.0;1;Параничев Андрей;Параничев Андрей;1;1;False;True;False;False;False;True;False;False;False;False;False;False;False;False;2;Низкий;ниже рынка
XUFJA685JE3032562;Авангард Выкуп;Chevrolet;Cruze;2014;112000;Хорошее (B);B;True;<1 млн ₽;19.0;17.0;720000.0;87.0;;;;;;9622.0;100.0;30378.0;4.0;9693.0;1.3;Низкая прибыль;168396;5.0;10.0;звонки были;4-;19;Безносов Никита;;Комиссия;0.0;802378.0;9622.0;842000.0;1;Безносов Никита;;2;2;False;True;False;False;False;True;True;False;False;False;False;False;False;False;3;Средний;"ниже рынка; ниже 90% рынка"
WDF44781313140205;Avangard Приморский;Mercedes-Benz;V-Класс;2016;206888;Хорошее (B);B;True;3–5 млн ₽;13.0;14.0;4130000.0;97.0;;;;;;9000.0;0.0;;;;;;179970;0.0;0.0;0 звонков;2-;41;Бойцов Иван;Бойцов Иван;Trade-In на новый;83.0;3746500.0;20000.0;4185000.0;1;Бойцов Иван;Бойцов Иван;1;1;False;True;False;True;False;True;False;False;False;False;False;False;False;False;4;Средний;"0 звонков; ниже рынка"
XWEJE551890000458;Avangard Приморский;Kia;Sportage;2009;367730;Плохое (D);D;True;<1 млн ₽;2.0;0.0;400000.0;50.0;;;;;;280000.0;35.0;120000.0;30.0;84093.0;21.0;Высокая прибыль;280232;;;нет данных;;;Вырышев Максим;Вырышев Максим;Trade-In на новый;61.0;400000.0;20000.0;466667.0;1;Вырышев Максим;Вырышев Максим;1;1;False;True;True;False;True;True;True;True;True;False;False;False;False;False;10;Критический;"без публикации; нет данных по звонкам; ниже рынка; ниже 90% рынка; ниже 80% рынка; ниже рынка ≤7 дней"
X9FPXXEEDPAA34312;Avangard Приморский;Ford;Focus;2010;195979;Среднее (C);C;True;<1 млн ₽;15.0;0.0;499000.0;81.0;;;;;;245976.0;40.0;253024.0;51.0;174109.0;34.9;Высокая прибыль;218566;;;нет данных;3;19;Вырышев Максим;Вырышев Максим;Trade-In на новый;51.0;300000.0;20000.0;355556.0;1;Вырышев Максим;Вырышев Максим;1;1;False;True;True;False;True;True;True;False;True;False;False;False;False;False;8;Высокий;"без публикации; нет данных по звонкам; ниже рынка; ниже 90% рынка; ниже рынка ≤7 дней"
YV1MZ29H0K2187967;Авангард Выкуп;Volvo;V40;2019;51000;Отличное (A);A;True;Нет данных;1.0;0.0;;;;;;;;;;;;;;;;;;нет данных;;;Коротков Павел;Коротков Павел;Выкуп;80.0;1109578.0;9622.0;1399000.0;3;"Безносов Никита; Коротков Павел";"Безносов Никита; Коротков Павел";1;1;False;True;True;False;True;False;False;False;False;False;False;False;False;True;3;Средний;"без публикации; нет данных по звонкам; несколько оценок"
Z94G2813BMR355717;Avangard Приморский;Hyundai;Creta;2021;87639;Хорошее (B);B;True;1–2 млн ₽;25.0;23.0;1975000.0;96.0;;;;;;1725600.0;84.0;249400.0;13.0;132608.0;6.7;Средняя прибыль;89319;3.0;3.0;звонки были;4+;12;Бойцов Иван;Бойцов Иван;Trade-In на новый;84.0;1716100.0;20000.0;1929000.0;1;Бойцов Иван;Бойцов Иван;1;1;False;True;False;False;False;True;False;False;False;False;False;False;False;False;2;Низкий;ниже рынка
XWFSK6E01C0000681;Avangard Приморский;Chevrolet;Tahoe;2012;208000;Среднее (C);C;True;1–2 млн ₽;20.0;0.0;1530000.0;65.0;1719101.1235955055;89.0;89.0;-189101.1235955055;-11.0;1455390.0;62.0;74610.0;5.0;35628.0;2.3;Низкая прибыль;254800;;;нет данных;3-;27;Вырышев Максим;Вырышев Максим;Trade-In на новый;64.0;1550000.0;20000.0;1744444.0;1;Вырышев Максим;Вырышев Максим;1;1;True;True;True;False;True;True;True;True;True;True;True;True;False;False;15;Критический;"без публикации; нет данных по звонкам; ниже рынка; ниже 90% рынка; ниже 80% рынка; ниже рынка ≤7 дней; ниже МЦП; ниже 95% МЦП; ниже 90% МЦП"
LGWFF9A69PM601434;Avangard Приморский;Tank;500;2023;142500;Хорошее (B);B;True;3–5 млн ₽;29.0;27.0;3554000.0;91.0;;;;;;3021100.0;78.0;532900.0;15.0;305180.0;8.6;Высокая прибыль;60606;1.0;1.0;звонки были;4-;36;Вырышев Максим;Вырышев Максим;Trade-In на новый;81.0;3026500.0;20000.0;3385000.0;1;Вырышев Максим;Вырышев Максим;1;1;False;True;False;False;False;True;False;False;False;False;False;False;False;False;2;Низкий;ниже рынка
YV1BW754191098266;Avangard Приморский;Volvo;V70;2008;449100;Среднее (C);C;True;<1 млн ₽;11.0;0.0;365000.0;43.0;553030.303030303;66.0;66.0;-188030.30303030298;-34.0;259000.0;31.0;106000.0;29.0;71492.0;19.6;Высокая прибыль;336000;;;нет данных;1+;;Вырышев Максим;Вырышев Максим;Trade-In на новый;44.0;300000.0;20000.0;355556.0;1;Вырышев Максим;Вырышев Максим;1;1;True;True;True;False;True;True;True;True;True;True;True;True;False;False;15;Критический;"без публикации; нет данных по звонкам; ниже рынка; ниже 90% рынка; ниже 80% рынка; ниже рынка ≤7 дней; ниже МЦП; ниже 95% МЦП; ниже 90% МЦП"
MR0FR22G300752881;Avangard Приморский;Toyota;Hilux;2013;216300;Среднее (C);C;True;1–2 млн ₽;2.0;0.0;1300000.0;61.0;1477272.7272727273;88.0;88.0;-177272.7272727273;-12.0;1209000.0;56.0;91000.0;7.0;61178.0;4.7;Средняя прибыль;242308;;;нет данных;3+;14;Бойцов Иван;Бойцов Иван;Trade-In на новый;74.0;1500000.0;20000.0;1688889.0;1;Бойцов Иван;Бойцов Иван;1;1;True;True;True;False;True;True;True;True;True;True;True;True;False;False;15;Критический;"без публикации; нет данных по звонкам; ниже рынка; ниже 90% рынка; ниже 80% рынка; ниже рынка ≤7 дней; ниже МЦП; ниже 95% МЦП; ниже 90% МЦП"
YV1FH40CCJ2006654;Авангард Выкуп;Volvo;S60 Cross Country;2017;124204;Хорошее (B);B;True;2–3 млн ₽;16.0;16.0;2230000.0;;;;;;;1725000.0;;505000.0;23.0;316805.0;14.2;Высокая прибыль;;2.0;4.0;звонки были;;;Симаньков Артем;Поликарпов Денис;Trade-In на БУ;81.0;1960900.0;20000.0;2201000.0;3;"Симаньков Артем; Юраго Сергей";"Поликарпов Денис; Юраго Сергей";1;1;False;True;False;False;False;False;False;False;False;False;False;False;False;True;0;Низкий;несколько оценок
YV1TS595761429703;Avangard Приморский;Volvo;S80;2005;402000;Не указано;Не указано;True;<1 млн ₽;4.0;0.0;200000.0;37.0;;;;;;105390.0;19.0;94610.0;47.0;65413.0;32.7;Высокая прибыль;324613;;;нет данных;2;20;Симаньков Артем;Симаньков Артем;Trade-In на новый;81.0;262600.0;20000.0;314000.0;1;Симаньков Артем;Симаньков Артем;1;1;False;True;True;False;True;True;True;True;True;False;False;False;False;False;10;Критический;"без публикации; нет данных по звонкам; ниже рынка; ниже 90% рынка; ниже 80% рынка; ниже рынка ≤7 дней"
LGWFFVA73PH938272;Avangard Приморский;Wey;Coffee 01;2023;34693;Хорошее (B);B;True;3–5 млн ₽;10.0;10.0;3249000.0;107.0;;;;;;20000.0;100.0;130000.0;4.0;64900.0;2.0;Низкая прибыль;25527;4.0;4.0;звонки были;;;Вырышев Максим;Поликарпов Денис;Комиссия;0.0;2934000.0;20000.0;2984000.0;1;Вырышев Максим;Поликарпов Денис;2;2;False;True;False;False;False;False;False;False;False;False;False;False;False;False;0;Низкий;
Z94CU41DBBR021867;Avangard Приморский;Hyundai;Solaris;2011;129619;Среднее (C);C;True;<1 млн ₽;12.0;9.0;735000.0;94.0;;;;;;463500.0;60.0;271500.0;37.0;182767.0;24.9;Высокая прибыль;192966;3.0;4.0;звонки были;3+;31;Тронягин Кирилл;Тронягин Кирилл;Trade-In на новый;73.0;550000.0;20000.0;679000.0;1;Тронягин Кирилл;Тронягин Кирилл;1;1;False;True;False;False;False;True;False;False;False;False;False;False;False;False;2;Низкий;ниже рынка
W1V44770513859493;Avangard Приморский;Mercedes-Benz;Vito;2021;218974;Плохое (D);D;True;2–3 млн ₽;5.0;0.0;2500000.0;70.0;2717391.304347826;92.0;92.0;-217391.30434782617;-8.0;2100000.0;59.0;400000.0;16.0;275580.0;11.0;Высокая прибыль;133276;;;нет данных;1-;;Бойцов Иван;Бойцов Иван;Trade-In на новый;69.0;2500000.0;20000.0;2800000.0;1;Бойцов Иван;Бойцов Иван;1;1;True;True;True;False;True;True;True;True;True;True;True;False;False;False;14;Критический;"без публикации; нет данных по звонкам; ниже рынка; ниже 90% рынка; ниже 80% рынка; ниже рынка ≤7 дней; ниже МЦП; ниже 95% МЦП"
Z94K241CAJR065447;Avangard Приморский;Hyundai;Solaris;2017;154199;Среднее (C);C;True;<1 млн ₽;30.0;17.0;913000.0;82.0;;;;;;777400.0;70.0;135600.0;15.0;72026.0;7.9;Высокая прибыль;157873;0.0;0.0;0 звонков;4;26;Бойцов Иван;Бойцов Иван;Trade-In на новый;80.0;810700.0;20000.0;923000.0;1;Бойцов Иван;Бойцов Иван;1;1;False;True;False;True;False;True;True;False;False;False;False;False;False;False;5;Средний;"0 звонков; ниже рынка; ниже 90% рынка"
XW8ZZZCKZLG004338;Авангард Выкуп;Volkswagen;Polo;2020;67800;Хорошее (B);B;True;1–2 млн ₽;31.0;31.0;1630000.0;103.0;;;;;;;;110000.0;7.0;28336.0;1.7;Низкая прибыль;85143;11.0;18.0;звонки были;4;28;Коротков Павел;Коротков Павел;Выкуп;80.0;1143178.0;9622.0;1441000.0;2;"Коротков Павел; Юраго Сергей";"Коротков Павел; Юраго Сергей";1;1;False;True;False;False;False;False;False;False;False;False;False;False;False;True;0;Низкий;несколько оценок
XWEPK81CDM0001561;Avangard Приморский;Kia;Sportage;2021;36260;Среднее (C);C;True;2–3 млн ₽;8.0;0.0;2647000.0;92.0;2757291.666666667;96.0;96.0;-110291.66666666698;-4.0;2462870.0;85.0;184130.0;7.0;116564.0;4.4;Низкая прибыль;80984;;;нет данных;3;23;Бойцов Иван;Бойцов Иван;Trade-In на новый;81.0;2436100.0;20000.0;2729000.0;1;Бойцов Иван;Бойцов Иван;1;1;True;True;True;False;True;True;False;False;True;True;False;False;False;False;10;Критический;"без публикации; нет данных по звонкам; ниже рынка; ниже рынка ≤7 дней; ниже МЦП"
XW8ZZZ7PZBG004801;Avangard Приморский;Volkswagen;Touareg;2011;308489;Плохое (D);D;True;1–2 млн ₽;0.0;0.0;1250000.0;68.0;;;;;;1159000.0;63.0;91000.0;7.0;62503.0;5.0;Средняя прибыль;279264;;;нет данных;3-;35;Вырышев Максим;Кауров Андрей;Trade-In на БУ;78.0;1300000.0;20000.0;1466667.0;1;Вырышев Максим;Кауров Андрей;1;1;False;True;True;False;True;True;True;True;True;False;False;False;False;False;10;Критический;"без публикации; нет данных по звонкам; ниже рынка; ниже 90% рынка; ниже 80% рынка; ниже рынка ≤7 дней"
XW8AG2NH1JK137551;Avangard Приморский;Skoda;Rapid;2018;145297;Хорошее (B);B;True;1–2 млн ₽;5.0;1.0;1070000.0;99.0;;;;;;815390.0;75.0;254610.0;24.0;175943.0;16.4;Высокая прибыль;186232;1.0;1.0;звонки были;4-;31;Параничев Андрей;Параничев Андрей;Trade-In на новый;85.0;806200.0;20000.0;918000.0;1;Параничев Андрей;Параничев Андрей;1;1;False;True;False;False;False;True;False;False;True;False;False;False;False;False;4;Средний;"ниже рынка; ниже рынка ≤7 дней"
XW8ZZZ4M7JG000976;Avangard Приморский;Audi;Q7;2017;234214;Среднее (C);C;True;3–5 млн ₽;22.0;13.0;3445000.0;95.0;;;;;;2828323.0;78.0;616677.0;18.0;370309.0;10.7;Высокая прибыль;187465;1.0;1.0;звонки были;2;70;Вырышев Максим;Вырышев Максим;Trade-In на новый;74.0;2850000.0;20000.0;3188889.0;1;Вырышев Максим;Вырышев Максим;1;1;False;True;False;False;False;True;False;False;False;False;False;False;False;False;2;Низкий;ниже рынка
KMHEU41AP9A608161;Avangard Приморский;Hyundai;Sonata;2008;168000;Плохое (D);D;True;<1 млн ₽;1.0;0.0;400000.0;67.0;;;;;;308470.0;52.0;91530.0;23.0;62795.0;15.7;Высокая прибыль;272744;;;нет данных;3;20;Тронягин Кирилл;Тронягин Кирилл;Trade-In на новый;51.0;300000.0;20000.0;400000.0;1;Тронягин Кирилл;Тронягин Кирилл;1;1;False;True;True;False;True;True;True;True;True;False;False;False;False;False;10;Критический;"без публикации; нет данных по звонкам; ниже рынка; ниже 90% рынка; ниже 80% рынка; ниже рынка ≤7 дней"
YV1LF08ACK1511571;Avangard Приморский;Volvo;XC90;2019;114059;Среднее (C);C;True;3–5 млн ₽;29.0;0.0;3811000.0;91.0;;;;;;3381566.0;81.0;429434.0;11.0;243040.0;6.4;Средняя прибыль;150012;;;нет данных;1;;Бойцов Иван;Бойцов Иван;Trade-In на новый;86.0;3400000.0;20000.0;3800000.0;1;Бойцов Иван;Бойцов Иван;1;1;False;True;True;False;True;True;False;False;True;False;False;False;False;False;7;Высокий;"без публикации; нет данных по звонкам; ниже рынка; ниже рынка ≤7 дней"
VSSZZZ5FZDR049567;Avangard Приморский;SEAT;Leon;2013;139534;Хорошее (B);B;True;<1 млн ₽;26.0;21.0;949000.0;97.0;;;;;;712900.0;73.0;236100.0;25.0;146803.0;15.5;Высокая прибыль;180744;1.0;1.0;звонки были;2+;27;Вырышев Максим;Вырышев Максим;Trade-In на новый;74.0;650000.0;20000.0;744444.0;1;Вырышев Максим;Вырышев Максим;1;1;False;True;False;False;False;True;False;False;False;False;False;False;False;False;2;Низкий;ниже рынка
YV1DZ8756D2412857;Avangard Приморский;Volvo;XC60;2012;111268;Хорошее (B);B;True;1–2 млн ₽;19.0;15.0;1799000.0;106.0;;;;;;1419290.0;84.0;379710.0;21.0;241223.0;13.4;Высокая прибыль;240599;0.0;1.0;звонки были;4-;21;Симаньков Артем;Симаньков Артем;Trade-In на новый;82.0;1380400.0;20000.0;1556000.0;1;Симаньков Артем;Симаньков Артем;1;1;False;True;False;False;False;False;False;False;False;False;False;False;False;False;0;Низкий;
XTA212300R0872181;Avangard Приморский;Lada (ВАЗ);Niva Travel;2023;41000;Хорошее (B);B;True;1–2 млн ₽;24.0;17.0;1065000.0;97.0;;;;;;839066.0;76.0;225934.0;21.0;138424.0;13.0;Высокая прибыль;37374;1.0;4.0;звонки были;3-;101;Тронягин Кирилл;Тронягин Кирилл;Trade-In на новый;79.0;830000.0;20000.0;961000.0;1;Тронягин Кирилл;Тронягин Кирилл;1;1;False;True;False;False;False;True;False;False;False;False;False;False;False;False;2;Низкий;ниже рынка
XWEJC813DJ0009984;Avangard Приморский;Hyundai;Tucson;2018;122499;Хорошее (B);B;True;2–3 млн ₽;11.0;6.0;2084000.0;101.0;;;;;;1725600.0;84.0;358400.0;17.0;234959.0;11.3;Высокая прибыль;135939;0.0;0.0;0 звонков;3+;16;Симаньков Артем;Симаньков Артем;Trade-In на новый;81.0;1679200.0;20000.0;1888000.0;1;Симаньков Артем;Симаньков Артем;1;1;False;True;False;True;False;False;False;False;False;False;False;False;False;False;2;Низкий;0 звонков
XW8ZZZ61ZEG063406;Avangard Приморский;Volkswagen;Polo;2014;145781;Среднее (C);C;True;<1 млн ₽;14.0;7.0;770000.0;94.0;;;;;;454400.0;55.0;315600.0;41.0;212082.0;27.5;Высокая прибыль;193276;6.0;6.0;звонки были;4-;31;Вырышев Максим;Вырышев Максим;Trade-In на новый;81.0;653200.0;20000.0;748000.0;1;Вырышев Максим;Вырышев Максим;1;1;False;True;False;False;False;True;False;False;True;False;False;False;False;False;4;Средний;"ниже рынка; ниже рынка ≤7 дней"
TMAJU81EDEJ536368;Avangard Приморский;Hyundai;ix35;2013;186722;Плохое (D);D;True;<1 млн ₽;17.0;0.0;900000.0;72.0;;;;;;813500.0;65.0;86500.0;10.0;51011.0;5.7;Средняя прибыль;162712;;;нет данных;4-;16;Вырышев Максим;Вырышев Максим;Trade-In на новый;64.0;850000.0;20000.0;966667.0;1;Вырышев Максим;Вырышев Максим;1;1;False;True;True;False;True;True;True;True;True;False;False;False;False;False;10;Критический;"без публикации; нет данных по звонкам; ниже рынка; ниже 90% рынка; ниже 80% рынка; ниже рынка ≤7 дней"
SJNFBNJ10U2266634;Avangard Приморский;Nissan;Qashqai;2011;196865;Среднее (C);C;True;<1 млн ₽;31.0;26.0;870000.0;80.0;;;;;;721100.0;66.0;148900.0;17.0;77521.0;8.9;Высокая прибыль;201020;2.0;2.0;звонки были;3-;28;Вырышев Максим;Вырышев Максим;Trade-In на новый;67.0;700000.0;20000.0;800000.0;1;Вырышев Максим;Вырышев Максим;1;1;False;True;False;False;False;True;True;False;False;False;False;False;False;False;3;Средний;"ниже рынка; ниже 90% рынка"
KMHBU51BP8U740904;Avangard Приморский;Hyundai;Getz;2007;148975;Среднее (C);C;True;<1 млн ₽;32.0;32.0;493000.0;90.0;;;;;;267500.0;49.0;225500.0;46.0;150760.0;30.6;Высокая прибыль;161010;0.0;4.0;звонки были;1;;Тронягин Кирилл;Тронягин Кирилл;Trade-In на новый;61.0;300000.0;20000.0;396000.0;1;Тронягин Кирилл;Тронягин Кирилл;1;1;False;True;False;False;False;True;False;False;False;False;False;False;False;False;2;Низкий;ниже рынка
WAUZZZFY9J2236390;Avangard Приморский;Audi;Q5;2018;93331;Плохое (D);D;True;2–3 млн ₽;18.0;0.0;2800000.0;86.0;;;;;;2606966.0;80.0;193034.0;7.0;108894.0;3.9;Низкая прибыль;148193;;;нет данных;3+;23;Симаньков Артем;Симаньков Артем;Trade-In на новый;81.0;2740300.0;20000.0;3067000.0;1;Симаньков Артем;Симаньков Артем;1;1;False;True;True;False;True;True;True;False;True;False;False;False;False;False;8;Высокий;"без публикации; нет данных по звонкам; ниже рынка; ниже 90% рынка; ниже рынка ≤7 дней"
Z6FAXXESMAFL33051;Avangard Приморский;Ford;Kuga;2015;123118;Среднее (C);C;True;1–2 млн ₽;37.0;27.0;1065000.0;80.0;;;;;;892900.0;67.0;172100.0;16.0;79330.0;7.4;Высокая прибыль;150777;2.0;6.0;звонки были;3-;38;Вырышев Максим;Вырышев Максим;Trade-In на новый;69.0;900000.0;20000.0;1022222.0;1;Вырышев Максим;Вырышев Максим;1;1;False;True;False;False;False;True;True;False;False;False;False;False;False;False;3;Средний;"ниже рынка; ниже 90% рынка"
JTJHF10U710197516;Avangard Приморский;Lexus;RX;2001;283302;Плохое (D);D;True;<1 млн ₽;0.0;0.0;250000.0;34.0;347222.22222222225;72.0;72.0;-97222.22222222225;-28.0;205390.0;28.0;44610.0;18.0;30477.0;12.2;Высокая прибыль;342695;;;нет данных;2;27;Параничев Андрей;Параничев Андрей;Trade-In на новый;54.0;305710.0;20000.0;423000.0;1;Параничев Андрей;Параничев Андрей;1;1;True;True;True;False;True;True;True;True;True;True;True;True;False;False;15;Критический;"без публикации; нет данных по звонкам; ниже рынка; ниже 90% рынка; ниже 80% рынка; ниже рынка ≤7 дней; ниже МЦП; ниже 95% МЦП; ниже 90% МЦП"
SALLAAAF4CA614788;Avangard Приморский;Land Rover;Discovery;2012;261164;Битый;Битый;True;<1 млн ₽;5.0;0.0;915000.0;47.0;;;;;;809000.0;41.0;106000.0;12.0;70837.0;7.7;Высокая прибыль;245064;;;нет данных;2+;39;Вырышев Максим;Вырышев Максим;Trade-In на новый;72.0;1400000.0;20000.0;1577778.0;1;Вырышев Максим;Вырышев Максим;1;1;False;True;True;False;True;True;True;True;True;False;False;False;False;False;10;Критический;"без публикации; нет данных по звонкам; ниже рынка; ниже 90% рынка; ниже 80% рынка; ниже рынка ≤7 дней"
Z8NAJL10055425835;Avangard Приморский;Nissan;Almera;2016;140869;Среднее (C);C;True;<1 млн ₽;25.0;16.0;594000.0;89.0;;;;;;352843.0;53.0;241157.0;41.0;156312.0;26.3;Высокая прибыль;220982;3.0;6.0;звонки были;3+;38;Тронягин Кирилл;Тронягин Кирилл;Trade-In на новый;61.0;400000.0;20000.0;524000.0;1;Тронягин Кирилл;Тронягин Кирилл;1;1;False;True;False;False;False;True;True;False;False;False;False;False;False;False;3;Средний;"ниже рынка; ниже 90% рынка"
Z8TXTGF2WHM009113;Avangard Приморский;Mitsubishi;Outlander;2016;149745;Хорошее (B);B;True;1–2 млн ₽;21.0;18.0;1679000.0;94.0;;;;;;1319066.0;74.0;359934.0;21.0;222336.0;13.2;Высокая прибыль;158665;2.0;8.0;звонки были;4;18;Бойцов Иван;Бойцов Иван;Trade-In на новый;76.0;1300000.0;20000.0;1466667.0;1;Бойцов Иван;Бойцов Иван;1;1;False;True;False;False;False;True;False;False;False;False;False;False;False;False;2;Низкий;ниже рынка
LVVDD21B3PD256739;Avangard Приморский;Omoda;C5;2023;41055;Среднее (C);C;True;1–2 млн ₽;15.0;14.0;1850000.0;93.0;;;;;;1509000.0;76.0;341000.0;18.0;214826.0;11.6;Высокая прибыль;41083;2.0;2.0;звонки были;4;32;Вырышев Максим;Вырышев Максим;Trade-In на новый;76.0;1475000.0;20000.0;1661111.0;1;Вырышев Максим;Вырышев Максим;1;1;False;True;False;False;False;True;False;False;False;False;False;False;False;False;2;Низкий;ниже рынка
XW8ZZZ7PZDG006519;Авангард Выкуп;Volkswagen;Touareg;2014;161331;Среднее (C);C;True;Нет данных;5.0;0.0;;;;;;;;2050000.0;81.0;;;;;;236373;;;нет данных;2;34;Коротков Павел;Коротков Павел;Выкуп;80.0;1926378.0;9622.0;2420000.0;1;Коротков Павел;Коротков Павел;1;1;False;True;True;False;True;False;False;False;False;False;False;False;False;False;3;Средний;"без публикации; нет данных по звонкам"
Z8TNC5FS9CM503331;Avangard Приморский;Citroen;C4;2012;201742;Плохое (D);D;True;<1 млн ₽;33.0;0.0;652000.0;116.0;;;;;;255390.0;46.0;396610.0;61.0;273433.0;41.9;Высокая прибыль;192123;;;нет данных;3;54;Симаньков Артем;Симаньков Артем;Trade-In на новый;81.0;447100.0;20000.0;519000.0;1;Симаньков Артем;Симаньков Артем;1;1;False;True;True;False;True;False;False;False;False;False;False;False;False;False;3;Средний;"без публикации; нет данных по звонкам"
TSMEYA21S00693693;Avangard Приморский;Suzuki;SX4;2012;122961;Хорошее (B);B;True;<1 млн ₽;13.0;1.0;985000.0;114.0;;;;;;705390.0;81.0;279610.0;28.0;190736.0;19.4;Высокая прибыль;149036;1.0;1.0;звонки были;3;14;Тронягин Кирилл;Тронягин Кирилл;Trade-In на новый;86.0;750000.0;20000.0;907000.0;1;Тронягин Кирилл;Тронягин Кирилл;1;1;False;True;False;False;False;False;False;False;False;False;False;False;False;False;0;Низкий;
XZGEE04A5NA824850;Avangard Приморский;Haval;Jolion;2022;59556;Хорошее (B);B;True;1–2 млн ₽;23.0;17.0;1649000.0;98.0;;;;;;1319290.0;78.0;329710.0;20.0;199403.0;12.1;Высокая прибыль;84057;4.0;6.0;звонки были;4-;32;Тронягин Кирилл;Тронягин Кирилл;Trade-In на новый;81.0;1300000.0;20000.0;1543000.0;1;Тронягин Кирилл;Тронягин Кирилл;1;1;False;True;False;False;False;True;False;False;False;False;False;False;False;False;2;Низкий;ниже рынка
XW7W43FV00S007630;Авангард Выкуп;Toyota;RAV4;2020;140573;Отличное (A);A;True;2–3 млн ₽;17.0;12.0;2500000.0;88.0;;;;;;2300000.0;81.0;200000.0;8.0;102367.0;4.1;Низкая прибыль;105149;0.0;15.0;звонки были;1+;;Коротков Павел;Коротков Павел;Выкуп;80.0;2048778.0;9622.0;2573000.0;1;Коротков Павел;Коротков Павел;1;1;False;True;False;False;False;True;True;False;False;False;False;False;False;False;3;Средний;"ниже рынка; ниже 90% рынка"
YV1LFK2UCL1594859;Авангард Выкуп;Volvo;XC90;2023;139759;Отличное (A);A;True;3–5 млн ₽;11.0;0.0;4475000.0;82.0;4710526.315789474;95.0;95.0;-235526.31578947417;-5.0;4100000.0;75.0;375000.0;8.0;231388.0;5.2;Средняя прибыль;51500;;;нет данных;;;Мироненко Алексей;Мироненко Алексей;Выкуп;80.0;3694378.0;9622.0;4630000.0;1;Мироненко Алексей;Мироненко Алексей;1;1;True;True;True;False;True;True;True;False;True;True;False;False;False;False;11;Критический;"без публикации; нет данных по звонкам; ниже рынка; ниже 90% рынка; ниже рынка ≤7 дней; ниже МЦП"
Z6F4XXEEC4HM30339;Avangard Приморский;Ford;Focus;2017;148910;Плохое (D);D;True;<1 млн ₽;7.0;0.0;770000.0;76.0;;;;;;655390.0;65.0;114610.0;15.0;77197.0;10.0;Высокая прибыль;133142;;;нет данных;3+;19;Жиганов Василий;Жиганов Василий;Trade-In на новый;77.0;750000.0;20000.0;855556.0;1;Жиганов Василий;Жиганов Василий;1;1;False;True;True;False;True;True;True;True;True;False;False;False;False;False;10;Критический;"без публикации; нет данных по звонкам; ниже рынка; ниже 90% рынка; ниже 80% рынка; ниже рынка ≤7 дней"
XZGFF07AXPA110177;Avangard Приморский;Haval;H9;2023;20600;Хорошее (B);B;True;3–5 млн ₽;6.0;4.0;3299000.0;98.0;3332323.2323232326;99.0;99.0;-33323.23232323257;-1.0;2921100.0;87.0;377900.0;11.0;250925.0;7.6;Высокая прибыль;58942;3.0;3.0;звонки были;1+;;Бойцов Иван;Бойцов Иван;Trade-In на новый;81.0;2703400.0;20000.0;3026000.0;1;Бойцов Иван;Бойцов Иван;1;1;True;True;False;False;False;True;False;False;True;True;False;False;False;False;7;Высокий;"ниже рынка; ниже рынка ≤7 дней; ниже МЦП"
XZGFF04A4LA501582;Avangard Приморский;Haval;H5;2020;177712;Плохое (D);D;True;<1 млн ₽;1.0;0.0;925000.0;60.0;;;;;;800000.0;52.0;125000.0;14.0;87478.0;9.5;Высокая прибыль;102184;;;нет данных;1+;;Вырышев Максим;Вырышев Максим;Trade-In на новый;68.0;1100000.0;20000.0;1244444.0;1;Вырышев Максим;Вырышев Максим;1;1;False;True;True;False;True;True;True;True;True;False;False;False;False;False;10;Критический;"без публикации; нет данных по звонкам; ниже рынка; ниже 90% рынка; ниже 80% рынка; ниже рынка ≤7 дней"
TSMLYE21S00904247;Avangard Приморский;Suzuki;Vitara;2020;96977;Среднее (C);C;True;1–2 млн ₽;18.0;15.0;1999000.0;93.0;;;;;;1571100.0;73.0;427900.0;21.0;272996.0;13.7;Высокая прибыль;85436;2.0;4.0;звонки были;1+;;Бойцов Иван;Бойцов Иван;Trade-In на новый;81.0;1542400.0;20000.0;1736000.0;1;Бойцов Иван;Бойцов Иван;1;1;False;True;False;False;False;True;False;False;False;False;False;False;False;False;2;Низкий;ниже рынка
X7LASRBA656019603;Avangard Приморский;Renault;Kaptur;2016;313500;Среднее (C);C;True;<1 млн ₽;15.0;0.0;953000.0;65.0;;;;;;706966.0;49.0;246034.0;26.0;166072.0;17.4;Высокая прибыль;126216;;;нет данных;4;18;Бойцов Иван;Бойцов Иван;Trade-In на новый;56.00000000000001;800000.0;20000.0;911111.0;1;Бойцов Иван;Бойцов Иван;1;1;False;True;True;False;True;True;True;True;True;False;False;False;False;False;10;Критический;"без публикации; нет данных по звонкам; ниже рынка; ниже 90% рынка; ниже 80% рынка; ниже рынка ≤7 дней"
LGWFF7A55RJ661632;Avangard Приморский;Tank;300;2024;19747;Отличное (A);A;True;3–5 млн ₽;8.0;7.0;3890000.0;103.0;;;;;;3223366.0;85.0;666634.0;17.0;446626.0;11.5;Высокая прибыль;32047;1.0;1.0;звонки были;4-;37;Бойцов Иван;Бойцов Иван;Trade-In на новый;84.0;3160600.0;20000.0;3534000.0;1;Бойцов Иван;Бойцов Иван;1;1;False;True;False;False;False;False;False;False;False;False;False;False;False;False;0;Низкий;
LB37852DXRS116284;Avangard Приморский;Geely;Monjaro;2024;34604;Хорошее (B);B;True;3–5 млн ₽;37.0;35.0;3370000.0;95.0;;;;;;3147490.0;89.0;222510.0;7.0;60256.0;1.8;Низкая прибыль;32951;1.0;15.0;звонки были;4-;38;Вырышев Максим;Вырышев Максим;Trade-In на новый;86.0;3300000.0;20000.0;3688889.0;2;Вырышев Максим;Вырышев Максим;1;1;False;True;False;False;False;True;False;False;False;False;False;False;False;True;2;Низкий;"ниже рынка; несколько оценок"
SAJBB4BG7HCY43497;Авангард Выкуп;Jaguar;XF;2016;137344;Хорошее (B);B;True;1–2 млн ₽;23.0;17.0;1850000.0;96.0;;;;;;;;;;;;;156259;0.0;0.0;0 звонков;1;;;;;;;;;0;;;1;1;False;False;False;True;False;True;False;False;False;False;False;False;False;False;4;Средний;"0 звонков; ниже рынка"
X4XWY59440LW12922;Avangard Приморский;BMW;X3;2013;159000;Хорошее (B);B;True;2–3 млн ₽;34.0;16.0;2299000.0;104.0;;;;;;1672900.0;75.0;626100.0;27.0;398726.0;17.3;Высокая прибыль;225022;2.0;2.0;звонки были;3;29;Тронягин Кирилл;Тронягин Кирилл;Trade-In на новый;81.0;1700000.0;20000.0;2125000.0;1;Тронягин Кирилл;Тронягин Кирилл;1;1;False;True;False;False;False;False;False;False;False;False;False;False;False;False;0;Низкий;
XW8AT6NH7MK118056;Avangard Приморский;Skoda;Rapid;2021;166314;Хорошее (B);B;True;1–2 млн ₽;32.0;26.0;1415000.0;92.0;;;;;;1180390.0;77.0;234610.0;17.0;130735.0;9.2;Высокая прибыль;73655;3.0;4.0;звонки были;2+;64;Симаньков Артем;Симаньков Артем;Trade-In на новый;81.0;1182400.0;20000.0;1336000.0;1;Симаньков Артем;Симаньков Артем;1;1;False;True;False;False;False;True;False;False;False;False;False;False;False;False;2;Низкий;ниже рынка
X7LHSRDJD50845766;Avangard Приморский;Renault;Duster;2014;154766;Плохое (D);D;True;<1 млн ₽;5.0;1.0;600000.0;59.0;;;;;;406966.0;40.0;193034.0;32.0;133491.0;22.2;Высокая прибыль;154542;3.0;3.0;звонки были;4-;18;Вырышев Максим;Вырышев Максим;Trade-In на новый;52.0;500000.0;20000.0;577778.0;1;Вырышев Максим;Вырышев Максим;1;1;False;True;False;False;False;True;True;True;True;False;False;False;False;False;7;Высокий;"ниже рынка; ниже 90% рынка; ниже 80% рынка; ниже рынка ≤7 дней"
Y4K8762D8JB303148;Avangard Приморский;Geely;Atlas;2018;49835;Среднее (C);C;True;1–2 млн ₽;18.0;15.0;1470000.0;85.0;;;;;;1042100.0;60.0;427900.0;29.0;268311.0;18.3;Высокая прибыль;62421;6.0;13.0;звонки были;4;16;Бойцов Иван;Бойцов Иван;Trade-In на новый;81.0;1362400.0;20000.0;1536000.0;1;Бойцов Иван;Бойцов Иван;1;1;False;True;False;False;False;True;True;False;False;False;False;False;False;False;3;Средний;"ниже рынка; ниже 90% рынка"
WDB4633461X242721;Avangard Приморский;Mercedes-Benz;G-Класс;2015;126018;Среднее (C);C;True;3–5 млн ₽;3.0;0.0;3550000.0;62.0;3858695.652173913;92.0;92.0;-308695.6521739131;-8.0;2979141.0;52.0;570859.0;16.0;391750.0;11.0;Высокая прибыль;150679;;;нет данных;2;27;Параничев Андрей;Параничев Андрей;Trade-In на новый;75.0;3760800.0;300000.0;4512000.0;1;Параничев Андрей;Параничев Андрей;1;1;True;True;True;False;True;True;True;True;True;True;True;False;False;False;14;Критический;"без публикации; нет данных по звонкам; ниже рынка; ниже 90% рынка; ниже 80% рынка; ниже рынка ≤7 дней; ниже МЦП; ниже 95% МЦП"
YV1LC08ACM1771034;Avangard Приморский;Volvo;XC90;2021;65850;Хорошее (B);B;True;5+ млн ₽;9.0;4.0;5099000.0;90.0;;;;;;4238306.0;75.0;860694.0;17.0;575787.0;11.3;Высокая прибыль;111730;7.0;7.0;звонки были;3-;14;Жиганов Василий;Жиганов Василий;Trade-In на новый;81.0;4200000.0;20000.0;4688889.0;1;Жиганов Василий;Жиганов Василий;1;1;False;True;False;False;False;True;False;False;True;False;False;False;False;False;4;Средний;"ниже рынка; ниже рынка ≤7 дней"
X7LHSRHGD62692103;Avangard Приморский;Renault;Duster;2019;55110;Хорошее (B);B;True;1–2 млн ₽;12.0;5.0;1549000.0;93.0;1549000.0;100.0;100.0;0.0;0.0;1303890.0;78.0;245110.0;16.0;159008.0;10.3;Высокая прибыль;121352;4.0;4.0;звонки были;4;12;Параничев Андрей;Параничев Андрей;Trade-In на новый;87.0;1273300.0;20000.0;1437000.0;1;Параничев Андрей;Параничев Андрей;1;1;True;True;False;False;False;True;False;False;True;False;False;False;False;False;4;Средний;"ниже рынка; ниже рынка ≤7 дней"
WBA11AK0807F92078;Авангард Выкуп;BMW;2 серии;2020;221500;Хорошее (B);B;True;2–3 млн ₽;10.0;2.0;2199000.0;110.0;;;;;;;;149000.0;7.0;87519.0;4.0;Низкая прибыль;103826;0.0;0.0;0 звонков;3;35;Мироненко Алексей;Мироненко Алексей;Выкуп;80.0;1522378.0;9622.0;1915000.0;1;Мироненко Алексей;Мироненко Алексей;1;1;False;True;False;True;False;False;False;False;False;False;False;False;False;False;2;Низкий;0 звонков
X7MEN41BP6M017061;Avangard Приморский;Hyundai;Sonata;2005;242274;Плохое (D);D;True;<1 млн ₽;5.0;0.0;236000.0;86.0;;;;;;99000.0;36.0;137000.0;58.0;94585.0;40.1;Высокая прибыль;265161;;;нет данных;2;59;Параничев Андрей;Параничев Андрей;Trade-In на новый;55.00000000000001;119400.0;20000.0;205000.0;1;Параничев Андрей;Параничев Андрей;1;1;False;True;True;False;True;True;True;False;True;False;False;False;False;False;8;Высокий;"без публикации; нет данных по звонкам; ниже рынка; ниже 90% рынка; ниже рынка ≤7 дней"
Y4K9964Z8HB000050;Avangard Приморский;Geely;Emgrand GT;2016;112644;Среднее (C);C;True;1–2 млн ₽;32.0;26.0;1112000.0;89.0;;;;;;821990.0;66.0;290010.0;26.0;169668.0;15.3;Высокая прибыль;230000;1.0;7.0;звонки были;;;Тронягин Кирилл;Тронягин Кирилл;Trade-In на новый;74.0;900000.0;20000.0;1075000.0;1;Тронягин Кирилл;Тронягин Кирилл;1;1;False;True;False;False;False;True;True;False;False;False;False;False;False;False;3;Средний;"ниже рынка; ниже 90% рынка"
WDD2130871A606780;Avangard Приморский;Mercedes-Benz;E-Класс;2019;110734;Хорошее (B);B;True;3–5 млн ₽;4.0;0.0;3391000.0;92.0;;;;;;2800000.0;76.0;591000.0;17.0;409533.0;12.1;Высокая прибыль;126485;;;нет данных;2;49;Бойцов Иван;Бойцов Иван;Trade-In на новый;79.0;2883400.0;20000.0;3226000.0;1;Бойцов Иван;Бойцов Иван;1;1;False;True;True;False;True;True;False;False;True;False;False;False;False;False;7;Высокий;"без публикации; нет данных по звонкам; ниже рынка; ниже рынка ≤7 дней"
X7LHSRDJN47573561;Avangard Приморский;Renault;Duster;2012;131818;Среднее (C);C;True;<1 млн ₽;9.0;4.0;739000.0;76.0;;;;;;421100.0;44.0;317900.0;43.0;216212.0;29.3;Высокая прибыль;189060;11.0;11.0;звонки были;4;25;Вырышев Максим;Вырышев Максим;Trade-In на новый;57.99999999999999;500000.0;20000.0;577778.0;1;Вырышев Максим;Вырышев Максим;1;1;False;True;False;False;False;True;True;True;True;False;False;False;False;False;7;Высокий;"ниже рынка; ниже 90% рынка; ниже 80% рынка; ниже рынка ≤7 дней"
X7LHSRH8549420902;Avangard Приморский;Renault;Duster;2013;159208;Среднее (C);C;True;<1 млн ₽;50.0;48.0;595000.0;85.0;;;;;;419290.0;60.0;175710.0;30.0;91119.0;15.3;Высокая прибыль;202174;0.0;16.0;звонки были;3;19;Жиганов Василий;Жиганов Василий;Trade-In;60.0;400000.0;20000.0;522000.0;1;Жиганов Василий;Жиганов Василий;1;1;False;True;False;False;False;True;True;False;False;False;False;False;False;False;3;Средний;"ниже рынка; ниже 90% рынка"
XU3178000CZ147849;Avangard Приморский;Fiat;Albea;2012;115598;Среднее (C);C;True;<1 млн ₽;7.0;2.0;410000.0;109.0;;;;;;215390.0;57.0;194610.0;47.0;135151.0;33.0;Высокая прибыль;175960;1.0;1.0;звонки были;3+;14;Жиганов Василий;Жиганов Василий;Trade-In;64.0;210000.0;20000.0;255556.0;1;Жиганов Василий;Жиганов Василий;1;1;False;True;False;False;False;False;False;False;False;False;False;False;False;False;0;Низкий;
XW8AC4NH8HK126371;Avangard Приморский;Skoda;Rapid;2017;144650;Плохое (D);D;True;<1 млн ₽;1.0;0.0;600000.0;64.0;631578.9473684211;95.0;95.0;-31578.947368421126;-5.0;485390.0;52.0;114610.0;19.0;79445.0;13.2;Высокая прибыль;216301;;;нет данных;4-;22;Тронягин Кирилл;Тронягин Кирилл;Trade-In на новый;45.0;480000.0;20000.0;600000.0;1;Тронягин Кирилл;Тронягин Кирилл;1;1;True;True;True;False;True;True;True;True;True;True;False;False;False;False;13;Критический;"без публикации; нет данных по звонкам; ниже рынка; ниже 90% рынка; ниже 80% рынка; ниже рынка ≤7 дней; ниже МЦП"
XWEEH812BE0007189;Avangard Приморский;Kia;Venga;2014;178912;Среднее (C);C;True;<1 млн ₽;38.0;32.0;804000.0;84.0;;;;;;672820.0;71.0;131180.0;16.0;64210.0;8.0;Высокая прибыль;140477;4.0;8.0;звонки были;2-;;Бойцов Иван;Бойцов Иван;Trade-In на новый;79.0;700000.0;20000.0;800000.0;1;Бойцов Иван;Бойцов Иван;1;1;False;True;False;False;False;True;True;False;False;False;False;False;False;False;3;Средний;"ниже рынка; ниже 90% рынка"
RUMGJ523804019001;Авангард Выкуп;Mazda;6;2021;100250;Отличное (A);A;True;2–3 млн ₽;0.0;17.0;2490000.0;89.0;2567010.309278351;97.0;97.0;-77010.30927835079;-3.0;;;;;;;;49715;0.0;3.0;звонки были;4-;14;Коротков Павел;Коротков Павел;Выкуп;80.0;1963978.0;9622.0;2467000.0;2;Коротков Павел;Коротков Павел;1;1;True;True;False;False;False;True;True;False;False;True;False;False;False;True;6;Высокий;"ниже рынка; ниже 90% рынка; ниже МЦП; несколько оценок"
WBAVM11000VM30254;Авангард Выкуп;BMW;X1;2012;34763;Отличное (A);A;True;2–3 млн ₽;10.0;0.0;2063776.0;121.0;;;;;;;;;;88954.0;4.3;Низкая прибыль;198000;;;нет данных;;;Богачев Андрей;Богачев Андрей;Выкуп;80.0;1090378.0;9622.0;1375000.0;1;Богачев Андрей;Богачев Андрей;1;1;False;True;True;False;True;False;False;False;False;False;False;False;False;False;3;Средний;"без публикации; нет данных по звонкам"
WVWZZZ3CZ9E045783;Avangard Приморский;Volkswagen;Passat;2008;316234;Плохое (D);D;True;<1 млн ₽;23.0;0.0;300000.0;44.0;;;;;;195390.0;29.0;104610.0;35.0;70215.0;23.4;Высокая прибыль;308543;1.0;1.0;звонки были;3-;27;Жиганов Василий;Жиганов Василий;Trade-In;54.0;250000.0;20000.0;300000.0;1;Жиганов Василий;Жиганов Василий;1;1;False;True;True;False;False;True;True;True;True;False;False;False;False;False;10;Критический;"без публикации; ниже рынка; ниже 90% рынка; ниже 80% рынка; ниже рынка ≤7 дней"
Z94CU51DBCR036677;Avangard Приморский;Hyundai;Solaris;2012;66152;Среднее (C);C;True;<1 млн ₽;28.0;21.0;760000.0;90.0;;;;;;579069.0;69.0;180931.0;24.0;104872.0;13.8;Высокая прибыль;183102;6.0;15.0;звонки были;4;26;Вырышев Максим;Вырышев Максим;Trade-In на новый;72.0;600000.0;20000.0;688889.0;1;Вырышев Максим;Вырышев Максим;1;1;False;True;False;False;False;True;False;False;False;False;False;False;False;False;2;Низкий;ниже рынка
XUFJA695JE3016432;Avangard Приморский;Chevrolet;Cruze;2014;112338;Среднее (C);C;True;<1 млн ₽;27.0;20.0;838000.0;78.0;;;;;;421100.0;39.0;416900.0;50.0;274103.0;32.7;Высокая прибыль;198823;0.0;4.0;звонки были;3;24;Симаньков Артем;Симаньков Артем;Trade-In на новый;49.0;400000.0;20000.0;466667.0;1;Симаньков Артем;Симаньков Артем;1;1;False;True;False;False;False;True;True;True;False;False;False;False;False;False;5;Средний;"ниже рынка; ниже 90% рынка; ниже 80% рынка"
LGWFF7A52NJ640425;Avangard Приморский;Tank;300;2022;31947;Хорошее (B);B;True;3–5 млн ₽;12.0;9.0;3200000.0;94.0;;;;;;5390.0;0.0;;;;;;53824;2.0;2.0;звонки были;4;23;Симаньков Артем;Симаньков Артем;Комиссия;0.0;3052000.0;20000.0;3102000.0;1;Симаньков Артем;Симаньков Артем;1;1;False;True;False;False;False;True;False;False;False;False;False;False;False;False;2;Низкий;ниже рынка
Y4K8722D1PB316325;Avangard Приморский;Geely;Atlas Pro;2023;156583;Хорошее (B);B;True;1–2 млн ₽;50.0;35.0;1622000.0;96.0;;;;;;1384524.0;82.0;237476.0;15.0;102391.0;6.3;Средняя прибыль;66108;1.0;2.0;звонки были;4-;24;Тронягин Кирилл;Тронягин Кирилл;Trade-In на новый;86.0;1500000.0;20000.0;1688889.0;2;"Бойцов Иван; Тронягин Кирилл";"Бойцов Иван; Тронягин Кирилл";1;1;False;True;False;False;False;True;False;False;False;False;False;False;False;True;2;Низкий;"ниже рынка; несколько оценок"
YV1PZK5VCM1136711;Авангард Выкуп;Volvo;V90 Cross Country;2024;144928;Отличное (A);A;True;3–5 млн ₽;7.0;0.0;3690000.0;;3765306.12244898;98.0;98.0;-75306.12244897988;-2.0;3505500.0;;184500.0;5.0;112479.0;3.0;Низкая прибыль;;;;нет данных;;;;;;;;;;0;;;1;1;True;False;True;False;True;False;False;False;False;True;False;False;False;False;6;Высокий;"без публикации; нет данных по звонкам; ниже МЦП"
LFPH4CPP9R1K18179;Авангард Выкуп;Hongqi;HS3;2024;400;Отличное (A);A;True;3–5 млн ₽;8.0;0.0;3150000.0;104.0;;;;;;;;;;;;;17516;;;нет данных;;;;;;;;;;0;;;1;1;False;False;True;False;True;False;False;False;False;False;False;False;False;False;3;Средний;"без публикации; нет данных по звонкам"
XW8AC4NE6LH021405;Авангард Выкуп;Skoda;Octavia;2020;72438;Отличное (A);A;True;1–2 млн ₽;17.0;1.0;1890000.0;86.0;1968750.0;96.0;96.0;-78750.0;-4.0;1730000.0;79.0;160000.0;8.0;92120.0;4.9;Средняя прибыль;93034;0.0;0.0;0 звонков;3+;27;Мироненко Алексей;Мироненко Алексей;Выкуп;80.0;1677578.0;9622.0;2109000.0;1;Мироненко Алексей;Мироненко Алексей;1;1;True;True;False;True;False;True;True;False;True;True;False;False;False;False;10;Критический;"0 звонков; ниже рынка; ниже 90% рынка; ниже рынка ≤7 дней; ниже МЦП"
XWEPH81ADK0039245;Авангард Выкуп;Kia;Sportage;2019;59290;Хорошее (B);B;True;2–3 млн ₽;47.0;29.0;2599000.0;103.0;;;;;;;;;;;;;120423;0.0;2.0;звонки были;4;16;Богачев Андрей;Богачев Андрей;Выкуп;81.0;2021200.0;20000.0;2268000.0;1;Богачев Андрей;Богачев Андрей;1;1;False;True;False;False;False;False;False;False;False;False;False;False;False;False;0;Низкий;
XW8ZZZCKZLG000770;Авангард Выкуп;Volkswagen;Polo;2020;141771;Среднее (C);C;True;1–2 млн ₽;44.0;22.0;1275000.0;93.0;;;;;;;;;;;;;106369;2.0;2.0;звонки были;3;27;Богачев Андрей;Богачев Андрей;Выкуп;81.0;1087000.0;20000.0;1230000.0;2;Богачев Андрей;Богачев Андрей;1;1;False;True;False;False;False;True;False;False;False;False;False;False;False;True;2;Низкий;"ниже рынка; несколько оценок"
LDP95H960PE301843;Авангард Выкуп;Voyah;Free;2023;65017;Отличное (A);A;True;3–5 млн ₽;34.0;7.0;3380000.0;;;;;;;3250000.0;;130000.0;4.0;21686.0;0.6;Убыток;;0.0;1.0;звонки были;2-;;Логинов Артем;Логинов Артем;Выкуп;81.0;2898700.0;20000.0;3243000.0;1;Логинов Артем;Логинов Артем;1;1;False;True;False;False;False;False;False;False;False;False;False;False;False;False;0;Низкий;
LGWFF9A65PM607134;Авангард Выкуп;Tank;500;2023;75454;Отличное (A);A;True;3–5 млн ₽;42.0;15.0;4000000.0;95.0;;;;;;3800000.0;90.0;200000.0;5.0;34804.0;0.9;Убыток;73425;0.0;1.0;звонки были;3+;38;Логинов Артем;Логинов Артем;Выкуп;81.0;3468400.0;20000.0;3876000.0;2;"Богачев Андрей; Логинов Артем";"Богачев Андрей; Логинов Артем";1;1;False;True;False;False;False;True;False;False;False;False;False;False;False;True;2;Низкий;"ниже рынка; несколько оценок"
EDEFB32B4SE019555;Авангард Выкуп;Tenet;T7;2025;4900;Не указано;Не указано;True;2–3 млн ₽;27.0;0.0;2170000.0;102.0;;;;;;;;;;70131.0;3.1;Низкая прибыль;4986;3.0;3.0;звонки были;;;Богачев Андрей;Богачев Андрей;Выкуп;81.0;2031100.0;20000.0;2279000.0;1;Богачев Андрей;Богачев Андрей;1;1;False;True;True;False;False;False;False;False;False;False;False;False;False;False;3;Средний;без публикации
SALRA2BN8JA064798;Авангард Выкуп;Land Rover;Discovery;2018;131500;Отличное (A);A;True;3–5 млн ₽;72.0;36.0;3200000.0;92.0;;;;;;3050000.0;88.0;150000.0;5.0;-44524.0;-1.4;Убыток;121750;1.0;4.0;звонки были;1-;;Богачев Андрей;Богачев Андрей;Выкуп;81.0;2665600.0;20000.0;2984000.0;1;Богачев Андрей;Богачев Андрей;1;1;False;True;False;False;False;True;False;False;False;False;False;False;True;False;4;Средний;"ниже рынка; GM2<0"
Z9M2130805L001776;Авангард Выкуп;Mercedes-Benz;E-Класс;2020;123621;Отличное (A);A;True;2–3 млн ₽;52.0;13.0;2730000.0;102.0;2814432.9896907215;97.0;97.0;-84432.9896907215;-3.0;2339125.0;87.0;390875.0;14.0;175220.0;6.4;Средняя прибыль;156186;0.0;4.0;звонки были;3-;27;Богачев Андрей;Богачев Андрей;Выкуп;81.0;2513500.0;20000.0;2815000.0;1;Богачев Андрей;Богачев Андрей;1;1;True;True;False;False;False;False;False;False;False;True;False;False;False;False;3;Средний;ниже МЦП
Z6FDXXEECDHP31840;Авангард Выкуп;Ford;Mondeo;2017;123654;Отличное (A);A;True;1–2 млн ₽;68.0;25.0;1615000.0;106.0;;;;;;;;80000.0;5.0;-21653.0;-1.3;Убыток;210421;0.0;8.0;звонки были;2+;61;;;;;;;;0;;;1;1;False;False;False;False;False;False;False;False;False;False;False;False;True;False;2;Низкий;GM2<0
JF1SK9LL5PG198415;Авангард Выкуп;Subaru;Forester;2024;20531;Не указано;Не указано;True;5+ млн ₽;25.0;0.0;5929000.0;104.0;;;;;;;;;;;;;22500;;;нет данных;1-;;Богачев Андрей;Богачев Андрей;Выкуп;81.0;4051600.0;20000.0;4524000.0;1;Богачев Андрей;Богачев Андрей;1;1;False;True;True;False;True;False;False;False;False;False;False;False;False;False;3;Средний;"без публикации; нет данных по звонкам"
JTJYWRBZ302022299;Авангард Выкуп;Lexus;NX;2018;118500;Среднее (C);C;True;3–5 млн ₽;52.0;8.0;3099000.0;;;;;;;;;;;;;;;0.0;1.0;звонки были;;;Вырышев Максим;Вырышев Максим;Trade-In на новый;48.0;2000000.0;20000.0;2244444.0;2;"Богачев Андрей; Вырышев Максим";"Богачев Андрей; Вырышев Максим";1;1;False;True;False;False;False;False;False;False;False;False;False;False;False;True;0;Низкий;несколько оценок
L6T7852D4PD064700;Авангард Выкуп;Geely;Tugella;2023;70470;Отличное (A);A;True;2–3 млн ₽;80.0;34.0;2658000.0;99.0;;;;;;2580000.0;96.0;78000.0;3.0;-80921.0;-3.0;Убыток;48104;1.0;1.0;звонки были;4;21;;;;;;;;0;;;1;1;False;False;False;False;False;True;False;False;False;False;False;False;True;False;4;Средний;"ниже рынка; GM2<0"
Z8NFBNJ11ES062978;Авангард Выкуп;Nissan;Qashqai;2018;68300;Отличное (A);A;True;1–2 млн ₽;43.0;0.0;1693000.0;86.0;1801063.829787234;94.0;94.0;-108063.82978723408;-6.0;;;;;-44988.0;-2.7;Убыток;96201;;;нет данных;3+;19;;;;;;;;0;;;1;1;True;False;True;False;True;True;True;False;True;True;True;False;True;False;14;Критический;"без публикации; нет данных по звонкам; ниже рынка; ниже 90% рынка; ниже рынка ≤7 дней; ниже МЦП; ниже 95% МЦП; GM2<0"
5N1AZ2BS1NC126633;Авангард Выкуп;Nissan;Murano;2022;5363;Не указано;Не указано;True;2–3 млн ₽;54.0;0.0;2840000.0;;;;;;;;;90000.0;3.0;-20020.0;-0.7;Убыток;;1.0;5.0;звонки были;;;Богачев Андрей;Богачев Андрей;Выкуп;81.0;2995900.0;20000.0;3351000.0;1;Богачев Андрей;Богачев Андрей;1;1;False;True;True;False;False;False;False;False;False;False;False;False;True;False;5;Средний;"без публикации; GM2<0"
WBACW21060LS06537;Авангард Выкуп;BMW;X7;2019;91000;Отличное (A);A;True;5+ млн ₽;70.0;17.0;8650000.0;112.0;;;;;;;;;;;;;120547;0.0;2.0;звонки были;2+;31;Богачев Андрей;Богачев Андрей;Выкуп;81.0;5734600.0;20000.0;6394000.0;1;Богачев Андрей;Богачев Андрей;1;1;False;True;False;False;False;False;False;False;False;False;False;False;False;False;0;Низкий;
SALWA2BK0KA827228;Авангард Выкуп;Land Rover;Range Rover Sport;2018;95555;Хорошее (B);B;True;3–5 млн ₽;97.0;42.0;4750000.0;100.0;;;;;;4450000.0;94.0;300000.0;6.0;-56730.0;-1.2;Убыток;123999;3.0;9.0;звонки были;2+;42;Логинов Артем;Логинов Артем;Выкуп;81.0;4203700.0;20000.0;4693000.0;1;Логинов Артем;Логинов Артем;1;1;False;True;False;False;False;False;False;False;False;False;False;False;True;False;2;Низкий;GM2<0
WDC2539051F147613;Авангард Выкуп;Mercedes-Benz;GLC;2016;106985;Отличное (A);A;True;2–3 млн ₽;71.0;15.0;2770000.0;97.0;;;;;;;;149000.0;5.0;-13776.0;-0.5;Убыток;134233;0.0;6.0;звонки были;3-;24;Логинов Артем;Логинов Артем;Выкуп;0.0;;;;1;Логинов Артем;Логинов Артем;1;1;False;True;False;False;False;True;False;False;False;False;False;False;True;False;4;Средний;"ниже рынка; GM2<0"
LS5A2DKE8RA946561;Авангард Выкуп;Changan;UNI-V;2023;79733;Отличное (A);A;True;1–2 млн ₽;81.0;27.0;1790000.0;81.0;;;;;;1753942.0;79.0;36058.0;2.0;-86955.0;-4.9;Убыток;45973;0.0;11.0;звонки были;3+;32;Богачев Андрей;Богачев Андрей;Выкуп;81.0;1630600.0;20000.0;1834000.0;1;Богачев Андрей;Богачев Андрей;1;1;False;True;False;False;False;True;True;False;False;False;False;False;True;False;5;Средний;"ниже рынка; ниже 90% рынка; GM2<0"
Z8NTCNS51DS004218;Авангард Выкуп;Infiniti;QX70;2013;119904;Отличное (A);A;True;2–3 млн ₽;93.0;36.0;2650000.0;109.0;;;;;;;;;;;;;179825;0.0;0.0;0 звонков;2+;27;;;;;;;;0;;;1;1;False;False;False;True;False;False;False;False;False;False;False;False;False;False;2;Низкий;0 звонков
Y4K8722D8RB305972;Авангард Выкуп;Geely;Atlas Pro;2024;38639;Хорошее (B);B;True;2–3 млн ₽;53.0;0.0;2049000.0;94.0;;;;;;1990000.0;91.0;59000.0;3.0;-17625.0;-0.9;Убыток;55988;;;нет данных;4;20;Богачев Андрей;Богачев Андрей;Выкуп;81.0;1944700.0;20000.0;2183000.0;1;Богачев Андрей;Богачев Андрей;1;1;False;True;True;False;True;True;False;False;True;False;False;False;True;False;9;Критический;"без публикации; нет данных по звонкам; ниже рынка; ниже рынка ≤7 дней; GM2<0"
SALRA2BN8K2403149;Авангард Выкуп;Land Rover;Discovery;2019;94000;Отличное (A);A;True;3–5 млн ₽;99.0;62.0;3790000.0;109.0;;;;;;;;;;;;;139000;4.0;21.0;звонки были;1-;;;;;;;;;0;;;1;1;False;False;False;False;False;False;False;False;False;False;False;False;False;False;0;Низкий;
VR7A45GFRLL043247;Авангард Выкуп;Citroen;C5 Aircross;2020;143492;Хорошее (B);B;True;2–3 млн ₽;55.0;0.0;2290000.0;106.0;;;;;;;;;;;;;143570;;;нет данных;;;Богачев Андрей;Богачев Андрей;Выкуп;81.0;1725100.0;20000.0;1939000.0;1;Богачев Андрей;Богачев Андрей;1;1;False;True;True;False;True;False;False;False;False;False;False;False;False;False;3;Средний;"без публикации; нет данных по звонкам"
WVWZZZ3CZHE175028;Авангард Выкуп;Volkswagen;Passat;2017;109254;Не указано;Не указано;True;1–2 млн ₽;65.0;0.0;1550000.0;;;;;;;;;;;;;;;;;нет данных;;;Богачев Андрей;Богачев Андрей;Выкуп;81.0;1373200.0;20000.0;1548000.0;1;Богачев Андрей;Богачев Андрей;1;1;False;True;True;False;True;False;False;False;False;False;False;False;False;False;3;Средний;"без публикации; нет данных по звонкам"
LBV41FX06SMB37317;Авангард Выкуп;BMW;X1;2025;14;Отличное (A);A;True;5+ млн ₽;63.0;0.0;5350000.0;105.0;;;;;;;;;;;;;4479;;;нет данных;4-;23;;;;;;;;0;;;1;1;False;False;True;False;True;False;False;False;False;False;False;False;False;False;3;Средний;"без публикации; нет данных по звонкам"
JTMDDREV70D106128;Авангард Выкуп;Toyota;RAV4;2016;157525;Хорошее (B);B;True;2–3 млн ₽;76.0;9.0;2299000.0;107.0;;;;;;;;;;;;;151101;0.0;6.0;звонки были;3;27;Богачев Андрей;Богачев Андрей;Выкуп;81.0;1732300.0;20000.0;1947000.0;1;Богачев Андрей;Богачев Андрей;1;1;False;True;False;False;False;False;False;False;False;False;False;False;False;False;0;Низкий;
XW8ZZZ8R3EG003160;Авангард Выкуп;Audi;Q5;2014;123450;Хорошее (B);B;True;2–3 млн ₽;76.0;8.0;2110000.0;106.0;;;;;;;;110000.0;5.0;-15746.0;-0.7;Убыток;200786;0.0;2.0;звонки были;3-;46;Богачев Андрей;Богачев Андрей;Выкуп;81.0;1654000.0;20000.0;1860000.0;1;Богачев Андрей;Богачев Андрей;1;1;False;True;False;False;False;False;False;False;False;False;False;False;True;False;2;Низкий;GM2<0
SADCA2BN8LA647151;Авангард Выкуп;Jaguar;F-Pace;2020;51782;Хорошее (B);B;True;3–5 млн ₽;57.0;0.0;3900000.0;101.0;;;;;;;;;;;;;92188;;;нет данных;3-;24;Богачев Андрей;Богачев Андрей;Выкуп;81.0;3175000.0;20000.0;3550000.0;1;Богачев Андрей;Богачев Андрей;1;1;False;True;True;False;True;False;False;False;False;False;False;False;False;False;3;Средний;"без публикации; нет данных по звонкам"
LSVDE6F2XR2013559;Авангард Выкуп;Audi;A7;2024;7015;Не указано;Не указано;True;5+ млн ₽;69.0;0.0;6900000.0;100.0;;;;;;;;;;-73890.0;-1.1;Убыток;7014;1.0;1.0;звонки были;;;;;;;;;;0;;;1;1;False;False;True;False;False;False;False;False;False;False;False;False;True;False;5;Средний;"без публикации; GM2<0"
JTHBF1BL005010954;Авангард Выкуп;Lexus;GS;2014;140000;Хорошее (B);B;True;2–3 млн ₽;104.0;23.0;2220000.0;104.0;;;;;;;;120000.0;5.0;-56296.0;-2.5;Убыток;240001;0.0;2.0;звонки были;;;Богачев Андрей;Богачев Андрей;Выкуп;81.0;1987000.0;20000.0;2230000.0;1;Богачев Андрей;Богачев Андрей;1;1;False;True;False;False;False;False;False;False;False;False;False;False;True;False;2;Низкий;GM2<0
XWEGU413BK0008408;Авангард Выкуп;Kia;Optima;2018;115621;Среднее (C);C;True;1–2 млн ₽;119.0;20.0;1740000.0;87.0;;;;;;5200.0;0.0;;;;;;146527;2.0;3.0;звонки были;3;35;Богачев Андрей;Богачев Андрей;Выкуп;81.0;1605400.0;20000.0;1806000.0;1;Богачев Андрей;Богачев Андрей;1;1;False;True;False;False;False;True;True;False;False;False;False;False;False;False;3;Средний;"ниже рынка; ниже 90% рынка"
XTA219040S1097597;Авангард Выкуп;Lada (ВАЗ);Granta;2024;7800;Отличное (A);A;True;<1 млн ₽;151.0;61.0;699000.0;87.0;706060.6060606061;99.0;99.0;-7060.606060606078;-1.0;5200.0;100.0;;;;;;31986;3.0;10.0;звонки были;3+;37;Богачев Андрей;Богачев Андрей;Выкуп;81.0;703600.0;20000.0;804000.0;1;Богачев Андрей;Богачев Андрей;1;1;True;True;False;False;False;True;True;False;False;True;False;False;False;False;6;Высокий;"ниже рынка; ниже 90% рынка; ниже МЦП"
WDB4633461X241514;Авангард Выкуп;Mercedes-Benz;G-Класс;2015;134142;Отличное (A);A;True;5+ млн ₽;157.0;0.0;5000000.0;102.0;;;;;;;;;;;;;170456;0.0;2.0;звонки были;2;27;;;;;;;;0;;;1;1;False;False;True;False;False;False;False;False;False;False;False;False;False;False;3;Средний;без публикации
XTAGFK440MY536281;Авангард Выкуп;Lada (ВАЗ);Vesta;2021;145260;Не указано;Не указано;True;1–2 млн ₽;160.0;0.0;1065000.0;96.0;;;;;;;;;;160912.0;15.1;Высокая прибыль;103340;;;нет данных;4;30;;;;;;;;0;;;1;1;False;False;True;False;True;True;False;False;True;False;False;False;False;False;7;Высокий;"без публикации; нет данных по звонкам; ниже рынка; ниже рынка ≤7 дней"
JTJHY00W904118554;Avangard Приморский;Lexus;LX;2013;75100;Не указано;Не указано;True;3–5 млн ₽;8.0;0.0;4749000.0;88.0;;;;;;3800000.0;71.0;949000.0;20.0;650806.0;13.7;Высокая прибыль;244016;;;нет данных;3-;14;Богачев Андрей;Богачев Андрей;Выкуп;81.0;3863500.0;20000.0;4315000.0;1;Богачев Андрей;Богачев Андрей;2;2;False;True;True;False;True;True;True;False;True;False;False;False;False;False;8;Высокий;"без публикации; нет данных по звонкам; ниже рынка; ниже 90% рынка; ниже рынка ≤7 дней"
Y4K8722D6PB316451;Avangard Приморский;Geely;Atlas Pro;2023;79082;Хорошее (B);B;True;1–2 млн ₽;45.0;11.0;1950000.0;96.0;;;;;;1686638.0;83.0;263362.0;14.0;122321.0;6.3;Средняя прибыль;66337;1.0;3.0;звонки были;4-;24;Вырышев Максим;Вырышев Максим;Trade-In на новый;79.0;1600000.0;20000.0;1800000.0;1;Вырышев Максим;Вырышев Максим;1;1;False;True;False;False;False;True;False;False;False;False;False;False;False;False;2;Низкий;ниже рынка
XW8ZZZ5NZEG114385;Avangard Приморский;Volkswagen;Tiguan;2014;242419;Плохое (D);D;True;<1 млн ₽;1.0;0.0;800000.0;74.0;;;;;;705390.0;65.0;94610.0;12.0;65258.0;8.2;Высокая прибыль;199113;;;нет данных;3+;27;Тронягин Кирилл;Тронягин Кирилл;Trade-In на новый;67.0;800000.0;20000.0;926000.0;1;Тронягин Кирилл;Тронягин Кирилл;1;1;False;True;True;False;True;True;True;True;True;False;False;False;False;False;10;Критический;"без публикации; нет данных по звонкам; ниже рынка; ниже 90% рынка; ниже 80% рынка; ниже рынка ≤7 дней"
RUMKE8938DV008973;Avangard Приморский;Mazda;CX-5;2013;161248;Хорошее (B);B;True;1–2 млн ₽;50.0;44.0;1529000.0;85.0;;;;;;1320477.0;73.0;208523.0;14.0;77278.0;5.1;Средняя прибыль;187114;0.0;4.0;звонки были;2+;20;Параничев Андрей;Параничев Андрей;Trade-In на новый;76.0;1385800.0;20000.0;1562000.0;1;Параничев Андрей;Параничев Андрей;1;1;False;True;False;False;False;True;True;False;False;False;False;False;False;False;3;Средний;"ниже рынка; ниже 90% рынка"
WAUZZZ8P8BA123591;Avangard Приморский;Audi;A3;2011;235733;Плохое (D);D;True;<1 млн ₽;4.0;0.0;400000.0;50.0;;;;;;339000.0;42.0;61000.0;15.0;40660.0;10.2;Высокая прибыль;214165;;;нет данных;1;;Вырышев Максим;Кауров Андрей;Trade-In на БУ;55.00000000000001;400000.0;20000.0;546000.0;1;Вырышев Максим;Кауров Андрей;1;1;False;True;True;False;True;True;True;True;True;False;False;False;False;False;10;Критический;"без публикации; нет данных по звонкам; ниже рынка; ниже 90% рынка; ниже 80% рынка; ниже рынка ≤7 дней"
LVVDB21B8RD755593;Avangard Приморский;Chery;Tiggo 7 Pro Max;2024;69935;Хорошее (B);B;True;1–2 млн ₽;16.0;13.0;1835000.0;99.0;1853535.3535353534;99.0;99.0;-18535.35353535344;-1.0;1455390.0;78.0;379610.0;21.0;247286.0;13.5;Высокая прибыль;36684;0.0;0.0;0 звонков;3+;14;Жиганов Василий;Жиганов Василий;Trade-In;79.0;1500000.0;20000.0;1688889.0;1;Жиганов Василий;Жиганов Василий;1;1;True;True;False;True;False;True;False;False;False;True;False;False;False;False;7;Высокий;"0 звонков; ниже рынка; ниже МЦП"
XW8AD6NE2JH025926;Avangard Приморский;Skoda;Octavia;2018;116077;Хорошее (B);B;True;2–3 млн ₽;10.0;7.0;2077000.0;97.0;;;;;;1706966.0;80.0;370034.0;18.0;243595.0;11.7;Высокая прибыль;143903;3.0;3.0;звонки были;3+;32;Тронягин Кирилл;Тронягин Кирилл;Trade-In на новый;96.0;1750000.0;20000.0;1867000.0;1;Тронягин Кирилл;Тронягин Кирилл;1;1;False;True;False;False;False;True;False;False;True;False;False;False;False;False;4;Средний;"ниже рынка; ниже рынка ≤7 дней"
XWEH5816BL0006222;Avangard Приморский;Kia;Ceed;2020;124902;Среднее (C);C;True;1–2 млн ₽;6.0;3.0;1625000.0;97.0;;;;;;1328500.0;79.0;296500.0;18.0;200672.0;12.3;Высокая прибыль;152499;3.0;3.0;звонки были;3+;37;Вырышев Максим;Вырышев Максим;Trade-In на новый;84.0;1475000.0;20000.0;1661111.0;1;Вырышев Максим;Вырышев Максим;1;1;False;True;False;False;False;True;False;False;True;False;False;False;False;False;4;Средний;"ниже рынка; ниже рынка ≤7 дней"
Z8NTANZ52GS006545;Avangard Приморский;Nissan;Murano;2018;140200;Хорошее (B);B;True;2–3 млн ₽;12.0;9.0;2395000.0;98.0;;;;;;1781234.0;73.0;613766.0;26.0;414580.0;17.3;Высокая прибыль;135313;6.0;6.0;звонки были;3+;11;Жиганов Василий;Жиганов Василий;Trade-In;80.0;1850000.0;20000.0;2077778.0;1;Жиганов Василий;Жиганов Василий;1;1;False;True;False;False;False;True;False;False;False;False;False;False;False;False;2;Низкий;ниже рынка
XTA219440S0271973;Avangard Приморский;Lada (ВАЗ);Granta;2024;25057;Хорошее (B);B;True;<1 млн ₽;37.0;35.0;899000.0;90.0;;;;;;722600.0;72.0;176400.0;20.0;92310.0;10.3;Высокая прибыль;25996;0.0;2.0;звонки были;3-;43;Бойцов Иван;Бойцов Иван;Trade-In на новый;80.0;771100.0;20000.0;879000.0;1;Бойцов Иван;Бойцов Иван;1;1;False;True;False;False;False;True;False;False;False;False;False;False;False;False;2;Низкий;ниже рынка
Z8NFBNJ11ES002790;Avangard Приморский;Nissan;Qashqai;2015;171576;Среднее (C);C;True;1–2 млн ₽;41.0;37.0;1367000.0;94.0;;;;;;1194087.0;82.0;172913.0;13.0;75106.0;5.5;Средняя прибыль;111384;0.0;0.0;0 звонков;4-;19;Вырышев Максим;Вырышев Максим;Trade-In на новый;79.0;1200000.0;20000.0;1355556.0;1;Вырышев Максим;Вырышев Максим;1;1;False;True;False;True;False;True;False;False;False;False;False;False;False;False;4;Средний;"0 звонков; ниже рынка"
Z94G2813DJR061538;Avangard Приморский;Hyundai;Creta;2017;135350;Хорошее (B);B;True;1–2 млн ₽;31.0;29.0;1615000.0;94.0;;;;;;1392370.0;81.0;222630.0;14.0;103344.0;6.4;Средняя прибыль;133322;2.0;9.0;звонки были;4;14;Тронягин Кирилл;Тронягин Кирилл;Trade-In на новый;90.0;1370000.0;20000.0;1494624.0;1;Тронягин Кирилл;Тронягин Кирилл;1;1;False;True;False;False;False;True;False;False;False;False;False;False;False;False;2;Низкий;ниже рынка
X7LLZL70F49678243;Avangard Приморский;Renault;Fluence;2013;217700;Среднее (C);C;True;<1 млн ₽;3.0;0.0;470000.0;75.0;;;;;;405390.0;65.0;64610.0;14.0;43878.0;9.3;Высокая прибыль;175832;;;нет данных;3+;22;Бойцов Иван;Бойцов Иван;Trade-In на новый;67.0;450000.0;20000.0;522222.0;1;Бойцов Иван;Бойцов Иван;1;1;False;True;True;False;True;True;True;True;True;False;False;False;False;False;10;Критический;"без публикации; нет данных по звонкам; ниже рынка; ниже 90% рынка; ниже 80% рынка; ниже рынка ≤7 дней"
LS4ASE2E2PA263214;Avangard Приморский;Changan;CS55 Plus;2023;101996;Среднее (C);C;True;1–2 млн ₽;41.0;39.0;1500000.0;76.0;1630434.7826086956;92.0;92.0;-130434.78260869556;-8.0;1269066.0;65.0;230934.0;15.0;100926.0;6.7;Высокая прибыль;46323;2.0;4.0;звонки были;4-;28;Симаньков Артем;Симаньков Артем;Trade-In на новый;81.0;1515400.0;20000.0;1706000.0;1;Симаньков Артем;Симаньков Артем;1;1;True;True;False;False;False;True;True;True;False;True;True;False;False;False;9;Критический;"ниже рынка; ниже 90% рынка; ниже 80% рынка; ниже МЦП; ниже 95% МЦП"
4T3BA3BB1AU013598;Avangard Приморский;Toyota;Venza;2010;211077;Среднее (C);C;True;1–2 млн ₽;5.0;0.0;1080000.0;72.0;1113402.06185567;97.0;97.0;-33402.061855670065;-3.0;985000.0;66.0;95000.0;9.0;62618.0;5.8;Средняя прибыль;202714;;;нет данных;1-;;Вырышев Максим;Вырышев Максим;Trade-In на новый;82.0;1200000.0;20000.0;1355556.0;1;Вырышев Максим;Вырышев Максим;1;1;True;True;True;False;True;True;True;True;True;True;False;False;False;False;13;Критический;"без публикации; нет данных по звонкам; ниже рынка; ниже 90% рынка; ниже 80% рынка; ниже рынка ≤7 дней; ниже МЦП"
Z9M2130805L000964;Avangard Приморский;Mercedes-Benz;E-Класс;2019;248177;Плохое (D);D;True;1–2 млн ₽;1.0;0.0;1850000.0;74.0;;;;;;1709000.0;68.0;141000.0;8.0;96734.0;5.2;Средняя прибыль;159262;;;нет данных;3;35;Параничев Андрей;Параничев Андрей;Trade-In на новый;82.0;1794400.0;20000.0;2016000.0;2;Параничев Андрей;Параничев Андрей;1;1;False;True;True;False;True;True;True;True;True;False;False;False;False;True;10;Критический;"без публикации; нет данных по звонкам; ниже рынка; ниже 90% рынка; ниже 80% рынка; ниже рынка ≤7 дней; несколько оценок"
XW8LC6NS4KH419219;Avangard Приморский;Skoda;Kodiaq;2019;220800;Хорошее (B);B;True;2–3 млн ₽;13.0;11.0;2290000.0;129.0;;;;;;1537490.0;87.0;752510.0;33.0;509950.0;22.3;Высокая прибыль;115672;3.0;3.0;звонки были;4-;19;Жиганов Василий;Жиганов Василий;Trade-In;86.0;1520000.0;20000.0;1711111.0;1;Жиганов Василий;Жиганов Василий;1;1;False;True;False;False;False;False;False;False;False;False;False;False;False;False;0;Низкий;
LVTDD24B0PD676494;Avangard Приморский;Exeed;RX;2023;54128;Хорошее (B);B;True;2–3 млн ₽;41.0;40.0;2839000.0;96.0;;;;;;2521100.0;85.0;317900.0;11.0;134475.0;4.7;Средняя прибыль;46591;5.0;9.0;звонки были;3;58;Тронягин Кирилл;Тронягин Кирилл;Trade-In на новый;84.0;2500000.0;20000.0;2800000.0;1;Тронягин Кирилл;Тронягин Кирилл;1;1;False;True;False;False;False;True;False;False;False;False;False;False;False;False;2;Низкий;ниже рынка
XWEPC811BD0018802;Avangard Приморский;Kia;Sportage;2013;167635;Плохое (D);D;True;<1 млн ₽;0.0;0.0;750000.0;61.0;;;;;;663500.0;54.0;86500.0;12.0;58588.0;7.8;Высокая прибыль;192170;;;нет данных;3+;23;Симаньков Артем;Симаньков Артем;Trade-In на новый;70.0;880000.0;20000.0;1000000.0;1;Симаньков Артем;Симаньков Артем;1;1;False;True;True;False;True;True;True;True;True;False;False;False;False;False;10;Критический;"без публикации; нет данных по звонкам; ниже рынка; ниже 90% рынка; ниже 80% рынка; ниже рынка ≤7 дней"
LGWFF7A58NJ641014;Avangard Приморский;Tank;300;2022;56588;Хорошее (B);B;True;3–5 млн ₽;27.0;21.0;3073000.0;94.0;;;;;;2617500.0;80.0;455500.0;15.0;264774.0;8.6;Высокая прибыль;69837;0.0;4.0;звонки были;4;23;Тронягин Кирилл;Тронягин Кирилл;Trade-In на новый;80.0;2600000.0;20000.0;3020000.0;1;Тронягин Кирилл;Тронягин Кирилл;1;1;False;True;False;False;False;True;False;False;False;False;False;False;False;False;2;Низкий;ниже рынка
LVVDB21B4PD367967;Avangard Приморский;Chery;Tiggo 7 Pro Max;2023;78130;Хорошее (B);B;True;1–2 млн ₽;49.0;43.0;1611000.0;91.0;;;;;;1426065.0;80.0;184935.0;11.0;60362.0;3.7;Низкая прибыль;51051;1.0;6.0;звонки были;4;32;Параничев Андрей;Параничев Андрей;Trade-In на новый;82.0;1411000.0;20000.0;1590000.0;1;Параничев Андрей;Параничев Андрей;1;1;False;True;False;False;False;True;False;False;False;False;False;False;False;False;2;Низкий;ниже рынка
X7LHSRHGN61050026;Avangard Приморский;Renault;Duster;2018;92535;Хорошее (B);B;True;1–2 млн ₽;6.0;2.0;1450000.0;101.0;;;;;;1110500.0;78.0;339500.0;23.0;233381.0;16.1;Высокая прибыль;123265;;;нет данных;4;8;Тронягин Кирилл;Тронягин Кирилл;Trade-In на новый;82.0;1115000.0;20000.0;1277000.0;1;Тронягин Кирилл;Тронягин Кирилл;1;1;False;True;False;False;True;False;False;False;False;False;False;False;False;False;0;Низкий;нет данных по звонкам
LGWFF7A59PJ634706;Avangard Приморский;Tank;300;2023;81960;Среднее (C);C;True;2–3 млн ₽;31.0;24.0;2970000.0;92.0;;;;;;2621340.0;81.0;348660.0;12.0;184291.0;6.2;Средняя прибыль;55172;0.0;2.0;звонки были;4;33;Бойцов Иван;Бойцов Иван;Trade-In на новый;83.0;2600000.0;20000.0;2911111.0;1;Бойцов Иван;Бойцов Иван;1;1;False;True;False;False;False;True;False;False;False;False;False;False;False;False;2;Низкий;ниже рынка
JF1BS9LC2KG176372;Avangard Приморский;Subaru;Outback;2019;71450;Хорошее (B);B;True;2–3 млн ₽;3.0;1.0;2899000.0;93.0;;;;;;2430390.0;78.0;468610.0;16.0;324696.0;11.2;Высокая прибыль;123374;12.0;12.0;звонки были;1-;;Параничев Андрей;Параничев Андрей;Trade-In на новый;76.0;2511700.0;20000.0;2813000.0;2;Параничев Андрей;Параничев Андрей;1;1;False;True;False;False;False;True;False;False;True;False;False;False;False;True;4;Средний;"ниже рынка; ниже рынка ≤7 дней; несколько оценок"
Z94K241CBLR164899;Avangard Приморский;Hyundai;Solaris;2019;51567;Среднее (C);C;True;1–2 млн ₽;48.0;8.0;1210000.0;82.0;1329670.3296703296;91.0;91.0;-119670.32967032958;-9.0;1025600.0;69.0;184400.0;15.0;81365.0;6.7;Высокая прибыль;151284;19.0;19.0;звонки были;4+;21;Тронягин Кирилл;Петров Денис;Trade-In на БУ;79.0;1100000.0;20000.0;1296000.0;1;Тронягин Кирилл;Петров Денис;1;1;True;True;False;False;False;True;True;False;False;True;True;False;False;False;7;Высокий;"ниже рынка; ниже 90% рынка; ниже МЦП; ниже 95% МЦП"
XW8ZZZ5NZGG100224;Avangard Приморский;Volkswagen;Tiguan;2015;162050;Плохое (D);D;True;<1 млн ₽;15.0;0.0;900000.0;68.0;;;;;;806966.0;61.0;93034.0;10.0;57640.0;6.4;Средняя прибыль;154824;;;нет данных;4;27;Бойцов Иван;Бойцов Иван;Trade-In на новый;81.0;1018600.0;20000.0;1154000.0;1;Бойцов Иван;Бойцов Иван;1;1;False;True;True;False;True;True;True;True;True;False;False;False;False;False;10;Критический;"без публикации; нет данных по звонкам; ниже рынка; ниже 90% рынка; ниже 80% рынка; ниже рынка ≤7 дней"
X9W8624SGED000594;Avangard Приморский;Geely;GC6;2014;120000;Плохое (D);D;True;<1 млн ₽;0.0;0.0;50000.0;15.0;;;;;;1.0;0.0;49999.0;100.0;35166.0;70.3;Высокая прибыль;133072;;;нет данных;3;19;Тронягин Кирилл;Тронягин Кирилл;Trade-In на новый;0.0;1.0;0.0;50000.0;1;Тронягин Кирилл;Тронягин Кирилл;1;1;False;True;True;False;True;True;True;True;True;False;False;False;False;False;10;Критический;"без публикации; нет данных по звонкам; ниже рынка; ниже 90% рынка; ниже 80% рынка; ниже рынка ≤7 дней"
X7LHSRH8N52826375;Avangard Приморский;Renault;Duster;2015;127274;Среднее (C);C;True;<1 млн ₽;6.0;0.0;720000.0;77.0;;;;;;533466.0;57.0;186534.0;26.0;128031.0;17.8;Высокая прибыль;138750;;;нет данных;4+;18;Вырышев Максим;Вырышев Максим;Trade-In на новый;57.99999999999999;525000.0;20000.0;605556.0;1;Вырышев Максим;Вырышев Максим;1;1;False;True;True;False;True;True;True;True;True;False;False;False;False;False;10;Критический;"без публикации; нет данных по звонкам; ниже рынка; ниже 90% рынка; ниже 80% рынка; ниже рынка ≤7 дней"
RUMKE1978EV024525;Avangard Приморский;Mazda;CX-5;2014;158411;Среднее (C);C;True;1–2 млн ₽;52.0;49.0;1240000.0;72.0;1333333.3333333333;93.0;93.0;-93333.33333333326;-7.0;1123790.0;65.0;116210.0;9.0;6570.0;0.5;Убыток;189803;2.0;16.0;звонки были;4-;22;Жиганов Василий;Жиганов Василий;Trade-In;68.0;1100000.0;20000.0;1244444.0;1;Жиганов Василий;Жиганов Василий;1;1;True;True;False;False;False;True;True;True;False;True;True;False;False;False;9;Критический;"ниже рынка; ниже 90% рынка; ниже 80% рынка; ниже МЦП; ниже 95% МЦП"
XWEPC811BD0024916;Avangard Приморский;Kia;Sportage;2013;282489;Среднее (C);C;True;<1 млн ₽;28.0;5.0;999000.0;86.0;;;;;;770570.0;66.0;228430.0;23.0;144812.0;14.5;Высокая прибыль;182727;1.0;1.0;звонки были;3+;26;Жиганов Василий;Жиганов Василий;Trade-In;81.0;961900.0;20000.0;1091000.0;1;Жиганов Василий;Жиганов Василий;1;1;False;True;False;False;False;True;True;False;True;False;False;False;False;False;5;Средний;"ниже рынка; ниже 90% рынка; ниже рынка ≤7 дней"
X9FKXXEEBKCS73064;Avangard Приморский;Ford;Focus;2012;85489;Среднее (C);C;True;<1 млн ₽;14.0;10.0;765000.0;94.0;;;;;;559000.0;69.0;206000.0;27.0;137259.0;17.9;Высокая прибыль;215506;7.0;7.0;звонки были;3+;48;Вырышев Максим;Вырышев Максим;Trade-In на новый;73.0;550000.0;20000.0;661111.0;1;Вырышев Максим;Вырышев Максим;1;1;False;True;False;False;False;True;False;False;False;False;False;False;False;False;2;Низкий;ниже рынка
Z94CC51BBDR016449;Avangard Приморский;Kia;Rio;2012;275234;Плохое (D);D;True;<1 млн ₽;0.0;0.0;450000.0;73.0;;;;;;370000.0;60.0;80000.0;18.0;56267.0;12.5;Высокая прибыль;179567;;;нет данных;4-;22;Бойцов Иван;Бойцов Иван;Trade-In на новый;81.0;497500.0;20000.0;575000.0;1;Бойцов Иван;Бойцов Иван;1;1;False;True;True;False;True;True;True;True;True;False;False;False;False;False;10;Критический;"без публикации; нет данных по звонкам; ниже рынка; ниже 90% рынка; ниже 80% рынка; ниже рынка ≤7 дней"
Z94CT41CBHR558962;Avangard Приморский;Hyundai;Solaris;2016;147990;Плохое (D);D;True;<1 млн ₽;5.0;0.0;300000.0;38.0;491803.2786885246;61.0;61.0;-191803.27868852462;-39.0;250000.0;31.0;50000.0;17.0;34482.0;11.5;Высокая прибыль;231805;;;нет данных;3;33;Поликарпов Денис;Кауров Андрей;Trade-In;44.0;350000.0;20000.0;411111.0;1;Поликарпов Денис;Кауров Андрей;1;1;True;True;True;False;True;True;True;True;True;True;True;True;False;False;15;Критический;"без публикации; нет данных по звонкам; ниже рынка; ниже 90% рынка; ниже 80% рынка; ниже рынка ≤7 дней; ниже МЦП; ниже 95% МЦП; ниже 90% МЦП"
SJNBAAP12U2306183;Avangard Приморский;Nissan;Primera;2006;280610;Плохое (D);D;True;<1 млн ₽;4.0;0.0;150000.0;48.0;;;;;;109000.0;35.0;41000.0;27.0;27098.0;18.1;Высокая прибыль;271534;;;нет данных;3-;29;Тронягин Кирилл;Тронягин Кирилл;Trade-In на новый;31.0;100000.0;9000.0;150000.0;1;Тронягин Кирилл;Тронягин Кирилл;1;1;False;True;True;False;True;True;True;True;True;False;False;False;False;False;10;Критический;"без публикации; нет данных по звонкам; ниже рынка; ниже 90% рынка; ниже 80% рынка; ниже рынка ≤7 дней"
XWEG6417BM0003307;Avangard Приморский;Kia;K5;2021;106500;Хорошее (B);B;True;2–3 млн ₽;35.0;33.0;2590000.0;99.0;;;;;;2234098.0;86.0;355902.0;14.0;183530.0;7.1;Высокая прибыль;105480;3.0;8.0;звонки были;3+;38;Петров Денис;Петров Денис;Trade-In на БУ;82.0;2200000.0;20000.0;2466667.0;1;Петров Денис;Петров Денис;1;1;False;True;False;False;False;True;False;False;False;False;False;False;False;False;2;Низкий;ниже рынка
XW8ED25J5CK554090;Avangard Приморский;Skoda;Fabia;2011;108783;Отличное (A);A;True;<1 млн ₽;23.0;21.0;778000.0;102.0;;;;;;430385.0;57.0;347615.0;45.0;216754.0;27.9;Высокая прибыль;160550;2.0;11.0;звонки были;4;19;Тронягин Кирилл;Тронягин Кирилл;Trade-In на новый;86.0;450000.0;20000.0;522222.0;1;Тронягин Кирилл;Тронягин Кирилл;1;1;False;True;False;False;False;False;False;False;False;False;False;False;False;False;0;Низкий;
Y4K8622Z8MB903423;Avangard Приморский;Geely;Coolray;2021;98149;Хорошее (B);B;True;1–2 млн ₽;31.0;15.0;1520000.0;97.0;;;;;;1291100.0;82.0;228900.0;15.0;125197.0;8.2;Высокая прибыль;79312;2.0;2.0;звонки были;4+;23;Параничев Андрей;Параничев Андрей;Trade-In на новый;81.0;1254400.0;20000.0;1416000.0;1;Параничев Андрей;Параничев Андрей;1;1;False;True;False;False;False;True;False;False;False;False;False;False;False;False;2;Низкий;ниже рынка
3N1FCAC11UL471148;Avangard Приморский;Nissan;Tiida;2010;206287;Плохое (D);D;True;<1 млн ₽;5.0;0.0;390000.0;59.0;;;;;;319000.0;48.0;71000.0;18.0;47563.0;12.2;Высокая прибыль;185317;;;нет данных;4;20;Бойцов Иван;Бойцов Иван;Trade-In на новый;45.0;310000.0;20000.0;366667.0;1;Бойцов Иван;Бойцов Иван;1;1;False;True;True;False;True;True;True;True;True;False;False;False;False;False;10;Критический;"без публикации; нет данных по звонкам; ниже рынка; ниже 90% рынка; ниже 80% рынка; ниже рынка ≤7 дней"
LVVDB21BXPD119335;Avangard Приморский;Omoda;C5;2023;29119;Хорошее (B);B;True;1–2 млн ₽;5.0;3.0;1703000.0;91.0;;;;;;1345390.0;72.0;357610.0;21.0;245687.0;14.4;Высокая прибыль;41322;2.0;2.0;звонки были;4;22;Жиганов Василий;Жиганов Василий;Trade-In на новый;75.0;1400000.0;20000.0;1577778.0;1;Жиганов Василий;Жиганов Василий;1;1;False;True;False;False;False;True;False;False;True;False;False;False;False;False;4;Средний;"ниже рынка; ниже рынка ≤7 дней"
XZGEE04A9PA829455;Avangard Приморский;Haval;Jolion;2023;46131;Хорошее (B);B;True;1–2 млн ₽;8.0;6.0;1730000.0;99.0;;;;;;1469000.0;84.0;261000.0;15.0;170883.0;9.9;Высокая прибыль;71215;1.0;1.0;звонки были;4-;31;Тронягин Кирилл;Тронягин Кирилл;Trade-In на новый;91.0;1500000.0;70000.0;1707000.0;1;Тронягин Кирилл;Тронягин Кирилл;1;1;False;True;False;False;False;True;False;False;True;False;False;False;False;False;4;Средний;"ниже рынка; ниже рынка ≤7 дней"
LVVDD21B2PD166563;Avangard Приморский;Omoda;C5;2023;41719;Хорошее (B);B;True;1–2 млн ₽;17.0;15.0;1867000.0;94.0;;;;;;1455390.0;73.0;411610.0;22.0;264943.0;14.2;Высокая прибыль;40403;0.0;4.0;звонки были;4;31;Жиганов Василий;Жиганов Василий;Trade-In;83.0;1609000.0;20000.0;1810000.0;1;Жиганов Василий;Жиганов Василий;1;1;False;True;False;False;False;True;False;False;False;False;False;False;False;False;2;Низкий;ниже рынка
XZGEE04AXSA598980;Avangard Приморский;Haval;Jolion;2025;4670;Хорошее (B);B;True;1–2 млн ₽;45.0;37.0;1799000.0;93.0;1835714.2857142857;98.0;98.0;-36714.28571428568;-2.0;1509000.0;78.0;290000.0;16.0;142799.0;7.9;Высокая прибыль;22462;2.0;7.0;звонки были;1;;Тронягин Кирилл;Тронягин Кирилл;Trade-In на новый;83.0;1500000.0;20000.0;1724000.0;1;Тронягин Кирилл;Тронягин Кирилл;1;1;True;True;False;False;False;True;False;False;False;True;False;False;False;False;5;Средний;"ниже рынка; ниже МЦП"
JMZCR198200355958;Avangard Приморский;Mazda;5;2009;222901;Среднее (C);C;True;<1 млн ₽;2.0;0.0;390000.0;64.0;;;;;;339000.0;56.0;51000.0;13.0;33998.0;8.7;Высокая прибыль;219550;;;нет данных;1-;;Параничев Андрей;Параничев Андрей;Trade-In на новый;75.0;397480.0;20000.0;497000.0;1;Параничев Андрей;Параничев Андрей;1;1;False;True;True;False;True;True;True;True;True;False;False;False;False;False;10;Критический;"без публикации; нет данных по звонкам; ниже рынка; ниже 90% рынка; ниже 80% рынка; ниже рынка ≤7 дней"
WBAWY51020L849220;Avangard Приморский;BMW;X3;2011;175791;Плохое (D);D;True;1–2 млн ₽;5.0;0.0;1460000.0;67.0;;;;;;1335390.0;61.0;124610.0;9.0;83085.0;5.7;Средняя прибыль;250563;;;нет данных;3-;24;Жиганов Василий;Жиганов Василий;Trade-In;81.0;1556800.0;20000.0;1752000.0;1;Жиганов Василий;Жиганов Василий;1;1;False;True;True;False;True;True;True;True;True;False;False;False;False;False;10;Критический;"без публикации; нет данных по звонкам; ниже рынка; ниже 90% рынка; ниже 80% рынка; ниже рынка ≤7 дней"
XW8ZZZCKZMG010260;Avangard Приморский;Volkswagen;Polo;2020;120962;Хорошее (B);B;True;1–2 млн ₽;23.0;21.0;1625000.0;99.0;;;;;;1403600.0;86.0;221400.0;14.0;115045.0;7.1;Высокая прибыль;101189;5.0;6.0;звонки были;3+;23;Вырышев Максим;Вырышев Максим;Trade-In на новый;87.0;1380000.0;20000.0;1603000.0;1;Вырышев Максим;Вырышев Максим;1;1;False;True;False;False;False;True;False;False;False;False;False;False;False;False;2;Низкий;ниже рынка
W0L0AHL4882002180;Avangard Приморский;Opel;Astra;2007;75923;Среднее (C);C;True;<1 млн ₽;18.0;12.0;499000.0;104.0;;;;;;256600.0;53.0;242400.0;49.0;156930.0;31.4;Высокая прибыль;221477;4.0;5.0;звонки были;2;49;Вырышев Максим;Вырышев Максим;Trade-In на новый;50.0;250000.0;20000.0;300000.0;1;Вырышев Максим;Вырышев Максим;1;1;False;True;False;False;False;False;False;False;False;False;False;False;False;False;0;Низкий;
X7LHSRHGD57069611;Avangard Приморский;Renault;Duster;2016;176112;Плохое (D);D;True;<1 млн ₽;10.0;0.0;840000.0;81.0;;;;;;739000.0;71.0;101000.0;12.0;65487.0;7.8;Высокая прибыль;164478;;;нет данных;3+;23;Вырышев Максим;Вырышев Максим;Trade-In на новый;80.0;850000.0;20000.0;966667.0;1;Вырышев Максим;Вырышев Максим;1;1;False;True;True;False;True;True;True;False;True;False;False;False;False;False;8;Высокий;"без публикации; нет данных по звонкам; ниже рынка; ниже 90% рынка; ниже рынка ≤7 дней"
Z8TGUKS10JM008079;Avangard Приморский;Mitsubishi;Pajero Sport;2019;92350;Плохое (D);D;True;1–2 млн ₽;4.0;0.0;1900000.0;63.0;2261904.761904762;84.0;84.0;-361904.7619047621;-16.0;1759000.0;58.0;141000.0;7.0;93815.0;4.9;Средняя прибыль;143357;;;нет данных;5-;13;Тронягин Кирилл;Тронягин Кирилл;Trade-In на новый;59.0;1750000.0;20000.0;1900000.0;1;Тронягин Кирилл;Тронягин Кирилл;1;1;True;True;True;False;True;True;True;True;True;True;True;True;False;False;15;Критический;"без публикации; нет данных по звонкам; ниже рынка; ниже 90% рынка; ниже 80% рынка; ниже рынка ≤7 дней; ниже МЦП; ниже 95% МЦП; ниже 90% МЦП"
XW8ZZZ61ZBG020521;Avangard Приморский;Volkswagen;Polo;2011;222440;Среднее (C);C;True;<1 млн ₽;5.0;0.0;450000.0;77.0;;;;;;259000.0;44.0;191000.0;42.0;132127.0;29.4;Высокая прибыль;222234;;;нет данных;4;32;Тронягин Кирилл;Тронягин Кирилл;Trade-In на новый;60.0;300000.0;20000.0;365000.0;1;Тронягин Кирилл;Тронягин Кирилл;1;1;False;True;True;False;True;True;True;True;True;False;False;False;False;False;10;Критический;"без публикации; нет данных по звонкам; ниже рынка; ниже 90% рынка; ниже 80% рынка; ниже рынка ≤7 дней"
Z94CU41DBFR414053;Avangard Приморский;Hyundai;Solaris;2015;180750;Среднее (C);C;True;<1 млн ₽;26.0;6.0;833000.0;90.0;;;;;;621450.0;67.0;211550.0;25.0;135762.0;16.3;Высокая прибыль;186351;8.0;8.0;звонки были;4-;30;Бойцов Иван;Бойцов Иван;Trade-In на новый;77.0;700000.0;20000.0;800000.0;1;Бойцов Иван;Бойцов Иван;1;1;False;True;False;False;False;True;False;False;True;False;False;False;False;False;4;Средний;"ниже рынка; ниже рынка ≤7 дней"
XTAGFL110JY140562;Avangard Приморский;Lada (ВАЗ);Vesta;2017;96261;Хорошее (B);B;True;<1 млн ₽;25.0;18.0;747000.0;99.0;;;;;;592900.0;78.0;154100.0;21.0;91150.0;12.2;Высокая прибыль;164484;2.0;3.0;звонки были;4;27;Жиганов Василий;Жиганов Василий;Trade-In на БУ;78.0;600000.0;20000.0;688889.0;1;Жиганов Василий;Жиганов Василий;1;1;False;True;False;False;False;True;False;False;False;False;False;False;False;False;2;Низкий;ниже рынка
YV1LC68ACJ1193444;Avangard Приморский;Volvo;XC90;2017;197460;Среднее (C);C;True;2–3 млн ₽;46.0;43.0;2899000.0;86.0;;;;;;2318286.0;69.0;580714.0;20.0;293922.0;10.1;Высокая прибыль;166867;4.0;25.0;звонки были;3;38;Жиганов Василий;Жиганов Василий;Trade-In на новый;78.0;2400000.0;20000.0;2688889.0;1;Жиганов Василий;Жиганов Василий;1;1;False;True;False;False;False;True;True;False;False;False;False;False;False;False;3;Средний;"ниже рынка; ниже 90% рынка"
Z94PC814BNR030959;Avangard Приморский;Hyundai;Creta;2022;24655;Хорошее (B);B;True;2–3 млн ₽;55.0;49.0;2293000.0;98.0;;;;;;2019066.0;87.0;273934.0;12.0;79229.0;3.5;Низкая прибыль;66036;4.0;15.0;звонки были;4;19;Жиганов Василий;Жиганов Василий;Trade-In;85.0;1950000.0;20000.0;2188889.0;1;Жиганов Василий;Жиганов Василий;1;1;False;True;False;False;False;True;False;False;False;False;False;False;False;False;2;Низкий;ниже рынка
Z94C251BBMR128263;Avangard Приморский;Kia;Rio;2020;53844;Хорошее (B);B;True;1–2 млн ₽;48.0;42.0;1586000.0;87.0;;;;;;1365966.0;75.0;220034.0;14.0;80743.0;5.1;Средняя прибыль;100585;3.0;13.0;звонки были;4;20;Жиганов Василий;Жиганов Василий;Trade-In;82.0;1370000.0;20000.0;1544444.0;1;Жиганов Василий;Жиганов Василий;1;1;False;True;False;False;False;True;True;False;False;False;False;False;False;False;3;Средний;"ниже рынка; ниже 90% рынка"
XWEPH81ADM0062472;Avangard Приморский;Kia;Sportage;2021;105701;Хорошее (B);B;True;2–3 млн ₽;19.0;13.0;2450000.0;100.0;;;;;;2160866.0;88.0;289134.0;12.0;169634.0;6.9;Средняя прибыль;88868;3.0;5.0;звонки были;3+;19;Жиганов Василий;Жиганов Василий;Trade-In;91.0;2200000.0;20000.0;2466667.0;1;Жиганов Василий;Жиганов Василий;1;1;False;True;False;False;False;False;False;False;False;False;False;False;False;False;0;Низкий;
LFB1E6677RJY01132;Avangard Приморский;Hongqi;HS5;2024;23640;Отличное (A);A;True;2–3 млн ₽;56.0;53.0;2619000.0;95.0;;;;;;2424100.0;88.0;194900.0;7.0;23870.0;0.9;Убыток;22601;4.0;9.0;звонки были;3+;24;Параничев Андрей;Параничев Андрей;Trade-In на новый;87.0;2417200.0;20000.0;2708000.0;2;"Логинов Артем; Параничев Андрей";"Логинов Артем; Параничев Андрей";1;1;False;True;False;False;False;True;False;False;False;False;False;False;False;True;2;Низкий;"ниже рынка; несколько оценок"
WMWYS310603K10885;Avangard Приморский;Mini;Countryman;2019;82348;Хорошее (B);B;True;2–3 млн ₽;20.0;17.0;2250000.0;93.0;;;;;;1922900.0;80.0;327100.0;15.0;192123.0;8.5;Высокая прибыль;88225;0.0;1.0;звонки были;1;;Вырышев Максим;Поликарпов Денис;Trade-In на БУ;89.0;1900000.0;20000.0;2133333.0;1;Вырышев Максим;Поликарпов Денис;1;1;False;True;False;False;False;True;False;False;False;False;False;False;False;False;2;Низкий;ниже рынка
WF0UXXGAJU6R84299;Avangard Приморский;Ford;Fusion;2006;300000;Плохое (D);D;True;<1 млн ₽;46.0;0.0;259000.0;83.0;;;;;;69000.0;22.0;190000.0;73.0;130394.0;50.3;Высокая прибыль;242715;;;нет данных;3+;25;Вырышев Максим;Вырышев Максим;Trade-In на новый;37.0;100000.0;20000.0;133333.0;1;Вырышев Максим;Вырышев Максим;1;1;False;True;True;False;True;True;True;False;True;False;False;False;False;False;8;Высокий;"без публикации; нет данных по звонкам; ниже рынка; ниже 90% рынка; ниже рынка ≤7 дней"
Z94C241BBJR043888;Avangard Приморский;Kia;Rio;2017;35034;Хорошее (B);B;True;1–2 млн ₽;25.0;22.0;1369000.0;91.0;;;;;;1124100.0;75.0;244900.0;18.0;141259.0;10.3;Высокая прибыль;169407;4.0;7.0;звонки были;4+;19;Тронягин Кирилл;Тронягин Кирилл;Trade-In на новый;75.0;1100000.0;20000.0;1336000.0;1;Тронягин Кирилл;Тронягин Кирилл;1;1;False;True;False;False;False;True;False;False;False;False;False;False;False;False;2;Низкий;ниже рынка
JMZBK12Z271516734;Avangard Приморский;Mazda;3;2006;358347;Плохое (D);D;True;<1 млн ₽;5.0;0.0;70000.0;19.0;82352.94117647059;85.0;85.0;-12352.941176470587;-15.0;14000.0;4.0;56000.0;80.0;37848.0;54.1;Высокая прибыль;285945;;;нет данных;3+;15;Вырышев Максим;Вырышев Максим;Trade-In на новый;6.0;5000.0;20000.0;27778.0;1;Вырышев Максим;Вырышев Максим;1;1;True;True;True;False;True;True;True;True;True;True;True;True;False;False;15;Критический;"без публикации; нет данных по звонкам; ниже рынка; ниже 90% рынка; ниже 80% рынка; ниже рынка ≤7 дней; ниже МЦП; ниже 95% МЦП; ниже 90% МЦП"
XW8EH45J5CK559984;Avangard Приморский;Skoda;Fabia;2012;195805;Среднее (C);C;True;<1 млн ₽;9.0;1.0;450000.0;93.0;;;;;;259000.0;53.0;191000.0;42.0;131559.0;29.2;Высокая прибыль;176542;1.0;1.0;звонки были;3;33;Вырышев Максим;Вырышев Максим;Trade-In на новый;66.0;275000.0;20000.0;327778.0;1;Вырышев Максим;Вырышев Максим;1;1;False;True;False;False;False;True;False;False;True;False;False;False;False;False;4;Средний;"ниже рынка; ниже рынка ≤7 дней"
XW8ZZZ61ZJG018035;Avangard Приморский;Volkswagen;Polo;2017;144347;Среднее (C);C;True;<1 млн ₽;13.0;9.0;916000.0;93.0;;;;;;659290.0;67.0;256710.0;28.0;165471.0;18.1;Высокая прибыль;196861;5.0;8.0;звонки были;4-;34;Жиганов Василий;Жиганов Василий;Trade-In на новый;79.0;788200.0;20000.0;898000.0;1;Жиганов Василий;Жиганов Василий;1;1;False;True;False;False;False;True;False;False;False;False;False;False;False;False;2;Низкий;ниже рынка
XW8AC4NE8JH023962;Avangard Приморский;Skoda;Octavia;2017;180500;Хорошее (B);B;True;1–2 млн ₽;26.0;17.0;1384000.0;87.0;;;;;;1122185.0;71.0;261815.0;19.0;156440.0;11.3;Высокая прибыль;161067;0.0;0.0;0 звонков;4-;33;Симаньков Артем;Симаньков Артем;Trade-In на новый;77.0;1100000.0;20000.0;1244444.0;1;Симаньков Артем;Симаньков Артем;1;1;False;True;False;True;False;True;True;False;False;False;False;False;False;False;5;Средний;"0 звонков; ниже рынка; ниже 90% рынка"
Z8TND5FS9DM044943;Avangard Приморский;Citroen;C4;2013;175190;Хорошее (B);B;True;<1 млн ₽;62.0;0.0;576000.0;97.0;;;;;;362321.0;61.0;213679.0;37.0;133425.0;23.2;Высокая прибыль;190962;;;нет данных;3;22;Жиганов Василий;Жиганов Василий;Trade-In;65.0;400000.0;20000.0;466667.0;1;Жиганов Василий;Жиганов Василий;1;1;False;True;True;False;True;True;False;False;True;False;False;False;False;False;7;Высокий;"без публикации; нет данных по звонкам; ниже рынка; ниже рынка ≤7 дней"
Z6F6XXEEC6HG37519;Avangard Приморский;Ford;Focus;2017;127461;Хорошее (B);B;True;1–2 млн ₽;58.0;54.0;1099000.0;70.0;;;;;;886842.0;57.0;212158.0;19.0;82929.0;7.5;Высокая прибыль;125103;1.0;5.0;звонки были;2+;20;Тронягин Кирилл;Тронягин Кирилл;Trade-In на новый;87.0;1000000.0;20000.0;1133333.0;1;Тронягин Кирилл;Тронягин Кирилл;1;1;False;True;False;False;False;True;True;True;False;False;False;False;False;False;5;Средний;"ниже рынка; ниже 90% рынка; ниже 80% рынка"
TMBJJ65L7E6017096;Avangard Приморский;Skoda;Yeti;2014;194811;Среднее (C);C;True;<1 млн ₽;24.0;18.0;868000.0;91.0;;;;;;726149.0;76.0;141851.0;16.0;77440.0;8.9;Высокая прибыль;177381;2.0;3.0;звонки были;3;32;Параничев Андрей;Параничев Андрей;Trade-In на новый;84.0;791800.0;20000.0;902000.0;1;Параничев Андрей;Параничев Андрей;1;1;False;True;False;False;False;True;False;False;False;False;False;False;False;False;2;Низкий;ниже рынка
WAUZZZ4G7DN033558;Avangard Приморский;Audi;A6;2012;113610;Плохое (D);D;True;1–2 млн ₽;1.0;0.0;1200000.0;78.0;;;;;;1039000.0;67.0;161000.0;13.0;111167.0;9.3;Высокая прибыль;172379;;;нет данных;3-;20;Параничев Андрей;Параничев Андрей;Trade-In на новый;76.0;1219300.0;20000.0;1377000.0;1;Параничев Андрей;Параничев Андрей;1;1;False;True;True;False;True;True;True;True;True;False;False;False;False;False;10;Критический;"без публикации; нет данных по звонкам; ниже рынка; ниже 90% рынка; ниже 80% рынка; ниже рынка ≤7 дней"
KL1CD266JCB087385;Avangard Приморский;Chevrolet;Captiva;2012;185609;Плохое (D);D;True;<1 млн ₽;1.0;0.0;880000.0;73.0;;;;;;775390.0;64.0;104610.0;12.0;72252.0;8.2;Высокая прибыль;193076;;;нет данных;3-;29;Тронягин Кирилл;Тронягин Кирилл;Trade-In на новый;68.0;800000.0;20000.0;966000.0;1;Тронягин Кирилл;Тронягин Кирилл;1;1;False;True;True;False;True;True;True;True;True;False;False;False;False;False;10;Критический;"без публикации; нет данных по звонкам; ниже рынка; ниже 90% рынка; ниже 80% рынка; ниже рынка ≤7 дней"
Z94CT51DBHR148484;Avangard Приморский;Hyundai;Solaris;2016;194000;Плохое (D);D;True;<1 млн ₽;0.0;0.0;570000.0;64.0;;;;;;508470.0;57.0;61530.0;11.0;41864.0;7.3;Высокая прибыль;135637;;;нет данных;4-;26;Бойцов Иван;Бойцов Иван;Trade-In на новый;81.0;692800.0;20000.0;792000.0;1;Бойцов Иван;Бойцов Иван;1;1;False;True;True;False;True;True;True;True;True;False;False;False;False;False;10;Критический;"без публикации; нет данных по звонкам; ниже рынка; ниже 90% рынка; ниже 80% рынка; ниже рынка ≤7 дней"
W0L0SDL0876063247;Avangard Приморский;Opel;Corsa;2007;211400;Среднее (C);C;True;<1 млн ₽;5.0;0.0;225000.0;72.0;;;;;;174000.0;56.0;51000.0;23.0;33893.0;15.1;Высокая прибыль;214848;;;нет данных;3;38;Петров Денис;Петров Денис;Trade-In на БУ;79.0;227500.0;20000.0;275000.0;1;Петров Денис;Петров Денис;1;1;False;True;True;False;True;True;True;True;True;False;False;False;False;False;10;Критический;"без публикации; нет данных по звонкам; ниже рынка; ниже 90% рынка; ниже 80% рынка; ниже рынка ≤7 дней"
TMAJU81ECFJ665559;Avangard Приморский;Hyundai;ix35;2014;192521;Плохое (D);D;True;<1 млн ₽;3.0;0.0;900000.0;68.0;;;;;;813500.0;61.0;86500.0;10.0;57251.0;6.4;Средняя прибыль;152215;;;нет данных;2-;;Вырышев Максим;Вырышев Максим;Trade-In на новый;59.0;775000.0;20000.0;893258.0;1;Вырышев Максим;Вырышев Максим;1;1;False;True;True;False;True;True;True;True;True;False;False;False;False;False;10;Критический;"без публикации; нет данных по звонкам; ниже рынка; ниже 90% рынка; ниже 80% рынка; ниже рынка ≤7 дней"
X4XFH611700B39075;Avangard Приморский;BMW;X6;2013;182200;Плохое (D);D;True;1–2 млн ₽;1.0;0.0;1660000.0;71.0;;;;;;1556966.0;66.0;103034.0;6.0;70453.0;4.2;Низкая прибыль;203342;;;нет данных;2+;29;Тронягин Кирилл;Тронягин Кирилл;Trade-In на новый;70.0;1700000.0;20000.0;1989000.0;1;Тронягин Кирилл;Тронягин Кирилл;1;1;False;True;True;False;True;True;True;True;True;False;False;False;False;False;10;Критический;"без публикации; нет данных по звонкам; ниже рынка; ниже 90% рынка; ниже 80% рынка; ниже рынка ≤7 дней"
XUFJF685JD3031019;Avangard Приморский;Chevrolet;Cruze;2013;140850;Плохое (D);D;True;<1 млн ₽;4.0;0.0;550000.0;73.0;;;;;;459000.0;61.0;91000.0;17.0;61497.0;11.2;Высокая прибыль;203171;;;нет данных;4-;23;Вырышев Максим;Вырышев Максим;Trade-In на новый;69.0;500000.0;20000.0;577778.0;1;Вырышев Максим;Вырышев Максим;1;1;False;True;True;False;True;True;True;True;True;False;False;False;False;False;10;Критический;"без публикации; нет данных по звонкам; ниже рынка; ниже 90% рынка; ниже 80% рынка; ниже рынка ≤7 дней"
WAUZZZ8V6DA054806;Avangard Приморский;Audi;A3;2013;251794;Плохое (D);D;True;<1 млн ₽;1.0;0.0;600000.0;57.0;600000.0;100.0;100.0;0.0;0.0;509000.0;48.0;91000.0;15.0;62224.0;10.4;Высокая прибыль;169430;;;нет данных;3-;29;Тронягин Кирилл;Тронягин Кирилл;Trade-In на новый;50.0;500000.0;20000.0;570000.0;1;Тронягин Кирилл;Тронягин Кирилл;1;1;True;True;True;False;True;True;True;True;True;False;False;False;False;False;10;Критический;"без публикации; нет данных по звонкам; ниже рынка; ниже 90% рынка; ниже 80% рынка; ниже рынка ≤7 дней"
Y4K8762DXMB303866;Avangard Приморский;Geely;Atlas;2021;60273;Хорошее (B);B;True;1–2 млн ₽;13.0;8.0;1830000.0;98.0;;;;;;1487689.0;79.0;342311.0;19.0;220232.0;12.0;Высокая прибыль;78973;4.0;4.0;звонки были;4+;13;Параничев Андрей;Параничев Андрей;Trade-In на новый;84.0;1496500.0;20000.0;1685000.0;1;Параничев Андрей;Параничев Андрей;1;1;False;True;False;False;False;True;False;False;False;False;False;False;False;False;2;Низкий;ниже рынка
X7LHSRDJA50361262;Avangard Приморский;Renault;Duster;2014;125105;Плохое (D);D;True;<1 млн ₽;3.0;0.0;650000.0;70.0;;;;;;559000.0;60.0;91000.0;14.0;61584.0;9.5;Высокая прибыль;142582;;;нет данных;3+;23;Бойцов Иван;Бойцов Иван;Trade-In на новый;77.0;700000.0;20000.0;800000.0;1;Бойцов Иван;Бойцов Иван;1;1;False;True;True;False;True;True;True;True;True;False;False;False;False;False;10;Критический;"без публикации; нет данных по звонкам; ниже рынка; ниже 90% рынка; ниже 80% рынка; ниже рынка ≤7 дней"
JTHBJ1GG902051143;Avangard Приморский;Lexus;ES;2014;193140;Среднее (C);C;True;1–2 млн ₽;39.0;34.0;1840000.0;89.0;;;;;;1625105.0;78.0;214895.0;12.0;86908.0;4.7;Средняя прибыль;217949;2.0;5.0;звонки были;1;;Жиганов Василий;Жиганов Василий;Trade-In;82.0;1650000.0;20000.0;1855556.0;1;Жиганов Василий;Жиганов Василий;1;1;False;True;False;False;False;True;True;False;False;False;False;False;False;False;3;Средний;"ниже рынка; ниже 90% рынка"
LS4ASE2W3LJ103958;Avangard Приморский;Changan;CS75;2020;23586;Хорошее (B);B;True;1–2 млн ₽;23.0;18.0;1690000.0;92.0;;;;;;1566491.0;85.0;123509.0;7.0;52426.0;3.1;Низкая прибыль;82639;4.0;6.0;звонки были;;;Параничев Андрей;Параничев Андрей;Trade-In на новый;94.0;1550000.0;20000.0;1728000.0;1;Параничев Андрей;Параничев Андрей;2;2;False;True;False;False;False;True;False;False;False;False;False;False;False;False;2;Низкий;ниже рынка
XW8ZZZ5NZDG133291;Avangard Приморский;Volkswagen;Tiguan;2013;287485;Плохое (D);D;True;<1 млн ₽;2.0;0.0;760000.0;72.0;;;;;;709000.0;67.0;51000.0;7.0;33593.0;4.4;Низкая прибыль;213075;;;нет данных;3+;32;Тронягин Кирилл;Петров Денис;Trade-In на БУ;67.0;700000.0;20000.0;857000.0;1;Тронягин Кирилл;Петров Денис;1;1;False;True;True;False;True;True;True;True;True;False;False;False;False;False;10;Критический;"без публикации; нет данных по звонкам; ниже рынка; ниже 90% рынка; ниже 80% рынка; ниже рынка ≤7 дней"
LMWDC1G82P1005827;Avangard Приморский;GAC;GS5;2023;105000;Хорошее (B);B;True;1–2 млн ₽;11.0;8.0;1690000.0;96.0;;;;;;1422900.0;81.0;267100.0;16.0;171819.0;10.2;Высокая прибыль;38475;1.0;1.0;звонки были;1;;Тронягин Кирилл;Тронягин Кирилл;Trade-In на новый;70.0;1400000.0;20000.0;1751000.0;1;Тронягин Кирилл;Тронягин Кирилл;1;1;False;True;False;False;False;True;False;False;False;False;False;False;False;False;2;Низкий;ниже рынка
LGWDAE19XRJ622113;Avangard Приморский;Great Wall;Poer;2023;66536;Среднее (C);C;True;2–3 млн ₽;23.0;19.0;2430000.0;92.0;;;;;;2119066.0;80.0;310934.0;13.0;175308.0;7.2;Высокая прибыль;69002;2.0;3.0;звонки были;3+;11;Бойцов Иван;Бойцов Иван;Trade-In на новый;79.0;2000000.0;20000.0;2244444.0;1;Бойцов Иван;Бойцов Иван;1;1;False;True;False;False;False;True;False;False;False;False;False;False;False;False;2;Низкий;ниже рынка
Z94G2811DJR058746;Avangard Приморский;Hyundai;Creta;2017;158886;Хорошее (B);B;True;1–2 млн ₽;5.0;0.0;1520000.0;98.0;;;;;;1169948.0;75.0;350052.0;23.0;239673.0;15.8;Высокая прибыль;134457;;;нет данных;4;12;Тронягин Кирилл;Тронягин Кирилл;Trade-In на новый;74.0;1150000.0;20000.0;1442000.0;1;Тронягин Кирилл;Тронягин Кирилл;1;1;False;True;True;False;True;True;False;False;True;False;False;False;False;False;7;Высокий;"без публикации; нет данных по звонкам; ниже рынка; ниже рынка ≤7 дней"
4MBSRDM1A9E702690;Avangard Приморский;Mitsubishi;Galant;2008;271579;Плохое (D);D;True;<1 млн ₽;0.0;0.0;340000.0;73.0;;;;;;270000.0;58.0;70000.0;21.0;49233.0;14.5;Высокая прибыль;291729;;;нет данных;3-;27;Тронягин Кирилл;Петров Денис;Trade-In на БУ;63.0;300000.0;20000.0;448000.0;1;Тронягин Кирилл;Петров Денис;1;1;False;True;True;False;True;True;True;True;True;False;False;False;False;False;10;Критический;"без публикации; нет данных по звонкам; ниже рынка; ниже 90% рынка; ниже 80% рынка; ниже рынка ≤7 дней"
XUFJA685JD3044105;Avangard Приморский;Chevrolet;Cruze;2013;159708;Плохое (D);D;True;<1 млн ₽;1.0;0.0;450000.0;70.0;459183.67346938775;98.0;98.0;-9183.673469387752;-2.0;400000.0;62.0;50000.0;11.0;34947.0;7.8;Высокая прибыль;207564;;;нет данных;3;32;Тронягин Кирилл;Бабарико Валерий;Trade-In на БУ;79.0;550000.0;20000.0;632000.0;1;Тронягин Кирилл;Бабарико Валерий;1;1;True;True;True;False;True;True;True;True;True;True;False;False;False;False;13;Критический;"без публикации; нет данных по звонкам; ниже рынка; ниже 90% рынка; ниже 80% рынка; ниже рынка ≤7 дней; ниже МЦП"
XW8JC6NUXLH201859;Avangard Приморский;Skoda;Karoq;2020;102545;Хорошее (B);B;True;2–3 млн ₽;7.0;6.0;2129000.0;94.0;;;;;;1779066.0;78.0;349934.0;16.0;234871.0;11.0;Высокая прибыль;100458;0.0;0.0;0 звонков;4;20;Вырышев Максим;Вырышев Максим;Trade-In на новый;79.0;1800000.0;20000.0;2022222.0;1;Вырышев Максим;Вырышев Максим;1;1;False;True;False;True;False;True;False;False;True;False;False;False;False;False;6;Высокий;"0 звонков; ниже рынка; ниже рынка ≤7 дней"
Z8NTBNT32ES106549;Avangard Приморский;Nissan;X-Trail;2019;158000;Среднее (C);C;True;2–3 млн ₽;13.0;11.0;2099000.0;97.0;;;;;;1821100.0;84.0;277900.0;13.0;170519.0;8.1;Высокая прибыль;117783;3.0;3.0;звонки были;4-;15;Тронягин Кирилл;Тронягин Кирилл;Trade-In на новый;82.0;1800000.0;20000.0;2022222.0;1;Тронягин Кирилл;Тронягин Кирилл;1;1;False;True;False;False;False;True;False;False;False;False;False;False;False;False;2;Низкий;ниже рынка
Y4K8722D1NB302499;Avangard Приморский;Geely;Atlas Pro;2022;117600;Хорошее (B);B;True;1–2 млн ₽;39.0;34.0;1685000.0;98.0;;;;;;1421100.0;83.0;263900.0;16.0;133075.0;7.9;Высокая прибыль;73262;0.0;1.0;звонки были;4+;14;Бойцов Иван;Бойцов Иван;Trade-In на новый;81.0;1400000.0;20000.0;1577778.0;1;Бойцов Иван;Бойцов Иван;1;1;False;True;False;False;False;True;False;False;False;False;False;False;False;False;2;Низкий;ниже рынка
LGWFF9A6XPM604598;Avangard Приморский;Tank;500;2023;103900;Хорошее (B);B;True;3–5 млн ₽;28.0;26.0;3928000.0;96.0;;;;;;3302463.0;81.0;625537.0;16.0;370528.0;9.4;Высокая прибыль;60211;1.0;1.0;звонки были;3+;38;Бойцов Иван;Бойцов Иван;Trade-In на новый;82.0;3300000.0;20000.0;3688889.0;1;Бойцов Иван;Бойцов Иван;1;1;False;True;False;False;False;True;False;False;False;False;False;False;False;False;2;Низкий;ниже рынка
Z94G2813BMR336447;Avangard Приморский;Hyundai;Creta;2021;93837;Хорошее (B);B;True;1–2 млн ₽;27.0;24.0;1921000.0;94.0;;;;;;1692370.0;83.0;228630.0;12.0;119389.0;6.2;Средняя прибыль;85424;0.0;0.0;0 звонков;4+;10;Параничев Андрей;Параничев Андрей;Trade-In на новый;81.0;1616200.0;20000.0;1818000.0;1;Параничев Андрей;Параничев Андрей;1;1;False;True;False;True;False;True;False;False;False;False;False;False;False;False;4;Средний;"0 звонков; ниже рынка"
Z94C351BBNR177922;Avangard Приморский;Kia;Rio;2022;32762;Среднее (C);C;True;1–2 млн ₽;5.0;1.0;1955000.0;96.0;;;;;;1540512.0;76.0;414488.0;21.0;283884.0;14.5;Высокая прибыль;53033;3.0;3.0;звонки были;4+;15;Вырышев Максим;Вырышев Максим;Trade-In на новый;82.0;1620000.0;20000.0;1822222.0;1;Вырышев Максим;Вырышев Максим;1;1;False;True;False;False;False;True;False;False;True;False;False;False;False;False;4;Средний;"ниже рынка; ниже рынка ≤7 дней"
Y4K8622Z7MB904336;Avangard Приморский;Geely;Coolray;2021;81121;Среднее (C);C;True;1–2 млн ₽;9.0;0.0;1490000.0;91.0;;;;;;1221100.0;75.0;268900.0;18.0;179588.0;12.1;Высокая прибыль;83720;;;нет данных;4+;21;Вырышев Максим;Вырышев Максим;Trade-In на новый;76.0;1250000.0;20000.0;1411111.0;1;Вырышев Максим;Вырышев Максим;1;1;False;True;True;False;True;True;False;False;True;False;False;False;False;False;7;Высокий;"без публикации; нет данных по звонкам; ниже рынка; ниже рынка ≤7 дней"
LVVDB11B5ND906054;Avangard Приморский;Chery;Tiggo 4 Pro;2022;55257;Среднее (C);C;True;1–2 млн ₽;7.0;4.0;1386000.0;92.0;;;;;;1183900.0;78.0;202100.0;15.0;133814.0;9.7;Высокая прибыль;77755;2.0;2.0;звонки были;4;16;Вырышев Максим;Вырышев Максим;Trade-In на новый;80.0;1150000.0;20000.0;1300000.0;1;Вырышев Максим;Вырышев Максим;1;1;False;True;False;False;False;True;False;False;True;False;False;False;False;False;4;Средний;"ниже рынка; ниже рынка ≤7 дней"
XWEJC813DJ0013762;Avangard Приморский;Hyundai;Tucson;2018;246800;Плохое (D);D;True;1–2 млн ₽;9.0;0.0;1450000.0;74.0;;;;;;1336966.0;68.0;113034.0;8.0;71746.0;4.9;Средняя прибыль;136372;;;нет данных;3+;27;Вырышев Максим;Вырышев Максим;Trade-In на новый;76.0;1400000.0;20000.0;1577778.0;1;Вырышев Максим;Вырышев Максим;1;1;False;True;True;False;True;True;True;True;True;False;False;False;False;False;10;Критический;"без публикации; нет данных по звонкам; ниже рынка; ниже 90% рынка; ниже 80% рынка; ниже рынка ≤7 дней"
SALRA2BK6L2436433;Avangard Приморский;Land Rover;Discovery;2020;143257;Среднее (C);C;True;3–5 млн ₽;19.0;18.0;4200000.0;93.0;;;;;;3321100.0;74.0;878900.0;21.0;566385.0;13.5;Высокая прибыль;135642;1.0;4.0;звонки были;2+;20;Вырышев Максим;Вырышев Максим;Trade-In на новый;77.0;3300000.0;20000.0;3688889.0;1;Вырышев Максим;Вырышев Максим;1;1;False;True;False;False;False;True;False;False;False;False;False;False;False;False;2;Низкий;ниже рынка
VF3MJAHXVJS352240;Avangard Приморский;Peugeot;3008;2018;79762;Среднее (C);C;True;1–2 млн ₽;33.0;30.0;1965000.0;92.0;;;;;;1781466.0;83.0;183534.0;9.0;76197.0;3.9;Низкая прибыль;142319;3.0;3.0;звонки были;1+;;Жиганов Василий;Жиганов Василий;Trade-In;83.0;1760000.0;20000.0;1977778.0;1;Жиганов Василий;Жиганов Василий;1;1;False;True;False;False;False;True;False;False;False;False;False;False;False;False;2;Низкий;ниже рынка
X4X5E59490D935801;Avangard Приморский;BMW;5 серии;2015;275900;Плохое (D);D;True;1–2 млн ₽;6.0;0.0;1450000.0;83.0;;;;;;1206966.0;69.0;243034.0;17.0;165805.0;11.4;Высокая прибыль;214868;0.0;2.0;звонки были;3-;28;Симаньков Артем;Симаньков Артем;Trade-In на новый;86.0;1501900.0;20000.0;1691000.0;2;"Жиганов Василий; Симаньков Артем";"Жиганов Василий; Симаньков Артем";1;1;False;True;True;False;False;True;True;False;True;False;False;False;False;True;8;Высокий;"без публикации; ниже рынка; ниже 90% рынка; ниже рынка ≤7 дней; несколько оценок"
X7LHSRHGN66670931;Avangard Приморский;Renault;Duster;2020;52455;Среднее (C);C;True;1–2 млн ₽;33.0;31.0;1511000.0;84.0;;;;;;1274679.0;71.0;236321.0;16.0;94847.0;6.3;Средняя прибыль;109711;10.0;25.0;звонки были;4+;9;Вырышев Максим;Вырышев Максим;Trade-In на новый;77.0;1275000.0;20000.0;1438889.0;1;Вырышев Максим;Вырышев Максим;1;1;False;True;False;False;False;True;True;False;False;False;False;False;False;False;3;Средний;"ниже рынка; ниже 90% рынка"
LM8F7E192PA155739;Avangard Приморский;Aito;M7;2023;13092;Отличное (A);A;True;3–5 млн ₽;22.0;23.0;4700000.0;101.0;;;;;;;;;;;;;20913;0.0;1.0;звонки были;1;;Параничев Андрей;Черняева Ирина;Trade-In на новый;88.0;3820300.0;20000.0;4267000.0;1;Параничев Андрей;Черняева Ирина;1;1;False;True;False;False;False;False;False;False;False;False;False;False;False;False;0;Низкий;
WDD2050401R236677;Avangard Приморский;Mercedes-Benz;C-Класс;2016;147863;Среднее (C);C;True;1–2 млн ₽;22.0;20.0;1937000.0;91.0;;;;;;1670808.0;79.0;266192.0;14.0;138164.0;7.1;Высокая прибыль;146397;2.0;4.0;звонки были;3-;43;Жиганов Василий;Жиганов Василий;Выкуп;84.0;1729600.0;20000.0;1944000.0;1;Жиганов Василий;Жиганов Василий;1;1;False;True;False;False;False;True;False;False;False;False;False;False;False;False;2;Низкий;ниже рынка
XTA219140P0486192;Avangard Приморский;Lada (ВАЗ);Granta;2023;42000;Хорошее (B);B;True;<1 млн ₽;11.0;9.0;747000.0;94.0;;;;;;652900.0;82.0;94100.0;13.0;56032.0;7.5;Высокая прибыль;51230;1.0;1.0;звонки были;4-;31;Тронягин Кирилл;Тронягин Кирилл;Trade-In на новый;87.0;630000.0;20000.0;719000.0;1;Тронягин Кирилл;Тронягин Кирилл;1;1;False;True;False;False;False;True;False;False;False;False;False;False;False;False;2;Низкий;ниже рынка
X7LHSRDJN46998061;Avangard Приморский;Renault;Duster;2012;314750;Плохое (D);D;True;<1 млн ₽;1.0;0.0;275000.0;47.0;381944.44444444444;72.0;72.0;-106944.44444444444;-28.0;219000.0;37.0;56000.0;20.0;37767.0;13.7;Высокая прибыль;179931;;;нет данных;4;24;Бойцов Иван;Бойцов Иван;Trade-In на новый;69.0;450000.0;20000.0;522222.0;1;Бойцов Иван;Бойцов Иван;1;1;True;True;True;False;True;True;True;True;True;True;True;True;False;False;15;Критический;"без публикации; нет данных по звонкам; ниже рынка; ниже 90% рынка; ниже 80% рынка; ниже рынка ≤7 дней; ниже МЦП; ниже 95% МЦП; ниже 90% МЦП"
XWFDT13S180000520;Avangard Приморский;Chevrolet;TrailBlazer;2008;338686;Плохое (D);D;True;<1 млн ₽;1.0;0.0;350000.0;41.0;;;;;;279000.0;33.0;71000.0;20.0;48284.0;13.8;Высокая прибыль;281778;;;нет данных;1-;;Вырышев Максим;Вырышев Максим;Trade-In на новый;57.99999999999999;400000.0;20000.0;466667.0;1;Вырышев Максим;Вырышев Максим;1;1;False;True;True;False;True;True;True;True;True;False;False;False;False;False;10;Критический;"без публикации; нет данных по звонкам; ниже рынка; ниже 90% рынка; ниже 80% рынка; ниже рынка ≤7 дней"
WP1ZZZ95ZFLB68669;Avangard Приморский;Porsche;Macan;2015;88395;Плохое (D);D;True;2–3 млн ₽;1.0;0.0;2050000.0;62.0;2277777.7777777775;90.0;90.0;-227777.77777777752;-10.0;1900000.0;57.0;150000.0;7.0;104459.0;5.1;Средняя прибыль;123905;;;нет данных;3-;27;Бойцов Иван;Бойцов Иван;Trade-In на новый;57.99999999999999;1900000.0;20000.0;2133333.0;1;Бойцов Иван;Бойцов Иван;1;1;True;True;True;False;True;True;True;True;True;True;True;False;False;False;14;Критический;"без публикации; нет данных по звонкам; ниже рынка; ниже 90% рынка; ниже 80% рынка; ниже рынка ≤7 дней; ниже МЦП; ниже 95% МЦП"
LVVDB21B3MD269587;Avangard Приморский;Chery;Tiggo 7 Pro;2021;79182;Хорошее (B);B;True;1–2 млн ₽;6.0;3.0;1436000.0;90.0;;;;;;1122900.0;70.0;313100.0;22.0;211599.0;14.7;Высокая прибыль;83765;2.0;2.0;звонки были;5-;22;Симаньков Артем;Симаньков Артем;Trade-In на новый;81.0;1296700.0;20000.0;1463000.0;1;Симаньков Артем;Симаньков Артем;1;1;False;True;False;False;False;True;False;False;True;False;False;False;False;False;4;Средний;"ниже рынка; ниже рынка ≤7 дней"
X7LASRBA563350986;Avangard Приморский;Renault;Kaptur;2019;67116;Среднее (C);C;True;1–2 млн ₽;26.0;23.0;1597000.0;89.0;;;;;;1322816.0;74.0;274184.0;17.0;133346.0;8.3;Высокая прибыль;134756;7.0;27.0;звонки были;3+;14;Жиганов Василий;Жиганов Василий;Trade-In;82.0;1300000.0;20000.0;1466667.0;1;Жиганов Василий;Жиганов Василий;1;1;False;True;False;False;False;True;True;False;False;False;False;False;False;False;3;Средний;"ниже рынка; ниже 90% рынка"
VSKJAWR51U0413070;Avangard Приморский;Nissan;Pathfinder;2011;263000;Среднее (C);C;True;1–2 млн ₽;32.0;31.0;1213000.0;92.0;;;;;;1101766.0;84.0;111234.0;9.0;32970.0;2.7;Низкая прибыль;204301;7.0;11.0;звонки были;2-;34;Вырышев Максим;Вырышев Максим;Trade-In на новый;67.0;900000.0;20000.0;1022222.0;1;Вырышев Максим;Вырышев Максим;1;1;False;True;False;False;False;True;False;False;False;False;False;False;False;False;2;Низкий;ниже рынка
LDCC61952P4068007;Avangard Приморский;Citroen;C5 Aircross;2023;21035;Среднее (C);C;True;2–3 млн ₽;15.0;11.0;2662000.0;93.0;;;;;;2212100.0;77.0;449900.0;17.0;285733.0;10.7;Высокая прибыль;45715;5.0;6.0;звонки были;;;Бойцов Иван;Бойцов Иван;Trade-In на новый;73.0;2150000.0;20000.0;2411111.0;1;Бойцов Иван;Бойцов Иван;1;1;False;True;False;False;False;True;False;False;False;False;False;False;False;False;2;Низкий;ниже рынка
TMBJD6NE7E0208190;Avangard Приморский;Skoda;Octavia;2014;286168;Плохое (D);D;True;<1 млн ₽;35.0;0.0;977000.0;86.0;;;;;;480390.0;42.0;496610.0;51.0;339171.0;34.7;Высокая прибыль;260236;;;нет данных;;;Симаньков Артем;Симаньков Артем;Trade-In на новый;81.0;972700.0;20000.0;1103000.0;1;Симаньков Артем;Симаньков Артем;1;1;False;True;True;False;True;True;True;False;True;False;False;False;False;False;8;Высокий;"без публикации; нет данных по звонкам; ниже рынка; ниже 90% рынка; ниже рынка ≤7 дней"
LVTDD24B4RG020610;Avangard Приморский;Exeed;RX;2024;12352;Хорошее (B);B;True;3–5 млн ₽;23.0;22.0;3655000.0;97.0;;;;;;3122900.0;83.0;532100.0;15.0;309788.0;8.5;Высокая прибыль;25634;5.0;6.0;звонки были;4;21;Бойцов Иван;Бойцов Иван;Trade-In на новый;83.0;3100000.0;20000.0;3466667.0;1;Бойцов Иван;Бойцов Иван;1;1;False;True;False;False;False;True;False;False;False;False;False;False;False;False;2;Низкий;ниже рынка
XWEPH813DL0006732;Avangard Приморский;Kia;Sorento;2019;119915;Хорошее (B);B;True;2–3 млн ₽;10.0;4.0;2650000.0;102.0;;;;;;2207400.0;85.0;442600.0;17.0;290985.0;11.0;Высокая прибыль;118237;2.0;2.0;звонки были;3+;19;Параничев Андрей;Параничев Андрей;Trade-In на новый;82.0;2116600.0;20000.0;2374000.0;1;Параничев Андрей;Параничев Андрей;1;1;False;True;False;False;False;False;False;False;False;False;False;False;False;False;0;Низкий;
SALGA2BK8LA585777;Avangard Приморский;Land Rover;Range Rover;2019;136840;Среднее (C);C;True;5+ млн ₽;1.0;0.0;5500000.0;83.0;;;;;;;;;;208151.0;3.8;Низкая прибыль;127098;;;нет данных;3-;38;Логинов Артем;Логинов Артем;Комиссия;0.0;5915000.0;20000.0;5965000.0;1;Логинов Артем;Логинов Артем;1;1;False;True;True;False;True;True;True;False;True;False;False;False;False;False;8;Высокий;"без публикации; нет данных по звонкам; ниже рынка; ниже 90% рынка; ниже рынка ≤7 дней"
XW8AD6NE3JH020301;Avangard Приморский;Skoda;Octavia;2017;346666;Плохое (D);D;True;<1 млн ₽;6.0;0.0;750000.0;71.0;;;;;;689000.0;65.0;61000.0;8.0;39138.0;5.2;Средняя прибыль;171502;;;нет данных;3-;24;Параничев Андрей;Параничев Андрей;Trade-In на новый;85.0;901600.0;20000.0;1024000.0;1;Параничев Андрей;Параничев Андрей;1;1;False;True;True;False;True;True;True;True;True;False;False;False;False;False;10;Критический;"без публикации; нет данных по звонкам; ниже рынка; ниже 90% рынка; ниже 80% рынка; ниже рынка ≤7 дней"
SHSRD88604U205865;Avangard Приморский;Honda;CR-V;2003;153521;Плохое (D);D;True;<1 млн ₽;6.0;0.0;400000.0;65.0;;;;;;339000.0;55.0;61000.0;15.0;40289.0;10.1;Высокая прибыль;297583;;;нет данных;2;;Параничев Андрей;Параничев Андрей;Trade-In на новый;56.99999999999999;355840.0;20000.0;464000.0;1;Параничев Андрей;Параничев Андрей;1;1;False;True;True;False;True;True;True;True;True;False;False;False;False;False;10;Критический;"без публикации; нет данных по звонкам; ниже рынка; ниже 90% рынка; ниже 80% рынка; ниже рынка ≤7 дней"
Z94C241BAJR010794;Avangard Приморский;Kia;Rio;2017;120738;Хорошее (B);B;True;1–2 млн ₽;20.0;12.0;1038000.0;92.0;;;;;;770570.0;69.0;267430.0;26.0;170259.0;16.4;Высокая прибыль;112564;4.0;7.0;звонки были;4;13;Бойцов Иван;Бойцов Иван;Trade-In на новый;75.0;850000.0;20000.0;966667.0;1;Бойцов Иван;Бойцов Иван;1;1;False;True;False;False;False;True;False;False;False;False;False;False;False;False;2;Низкий;ниже рынка
Y4K8742Z4MB700571;Avangard Приморский;Geely;GS;2021;44955;Хорошее (B);B;True;1–2 млн ₽;38.0;36.0;1315000.0;81.0;1341836.7346938776;98.0;98.0;-26836.73469387763;-2.0;1023309.0;63.0;291691.0;22.0;163141.0;12.4;Высокая прибыль;84877;4.0;4.0;звонки были;;;Параничев Андрей;Симаньков Артем;Trade-In на новый;68.0;952000.0;20000.0;1080000.0;1;Параничев Андрей;Симаньков Артем;1;1;True;True;False;False;False;True;True;False;False;True;False;False;False;False;6;Высокий;"ниже рынка; ниже 90% рынка; ниже МЦП"
XWEHN512BG0037320;Avangard Приморский;Kia;Ceed;2016;175245;Среднее (C);C;True;1–2 млн ₽;26.0;20.0;1122000.0;99.0;;;;;;931237.0;82.0;190763.0;17.0;107090.0;9.5;Высокая прибыль;145162;1.0;1.0;звонки были;4-;22;Симаньков Артем;Симаньков Артем;Trade-In на новый;77.0;909700.0;20000.0;1033000.0;1;Симаньков Артем;Симаньков Артем;1;1;False;True;False;False;False;True;False;False;False;False;False;False;False;False;2;Низкий;ниже рынка
X7LASRBA658818151;Avangard Приморский;Renault;Kaptur;2017;112790;Плохое (D);D;True;<1 млн ₽;4.0;0.0;925000.0;70.0;925000.0;100.0;100.0;0.0;0.0;839000.0;63.0;86000.0;9.0;57148.0;6.2;Средняя прибыль;118238;;;нет данных;4;16;Тронягин Кирилл;Тронягин Кирилл;Trade-In на новый;72.0;1000000.0;20000.0;1183000.0;1;Тронягин Кирилл;Тронягин Кирилл;1;1;True;True;True;False;True;True;True;True;True;False;False;False;False;False;10;Критический;"без публикации; нет данных по звонкам; ниже рынка; ниже 90% рынка; ниже 80% рынка; ниже рынка ≤7 дней"
XWEHN812BE0012162;Avangard Приморский;Kia;Ceed;2014;148270;Среднее (C);C;True;1–2 млн ₽;19.0;10.0;1067000.0;91.0;;;;;;774970.0;66.0;292030.0;27.0;180102.0;16.9;Высокая прибыль;201728;4.0;6.0;звонки были;3+;29;Тронягин Кирилл;Тронягин Кирилл;Trade-In на новый;78.0;850000.0;20000.0;1000000.0;1;Тронягин Кирилл;Тронягин Кирилл;1;1;False;True;False;False;False;True;False;False;False;False;False;False;False;False;2;Низкий;ниже рынка
XWEPH81CDM0010637;Avangard Приморский;Kia;Sportage;2021;72665;Хорошее (B);B;True;2–3 млн ₽;17.0;15.0;2751000.0;98.0;;;;;;2345600.0;83.0;405400.0;15.0;245521.0;8.9;Высокая прибыль;75209;8.0;10.0;звонки были;3+;19;Бойцов Иван;Бойцов Иван;Trade-In на новый;88.0;2300000.0;20000.0;2577778.0;1;Бойцов Иван;Бойцов Иван;1;1;False;True;False;False;False;True;False;False;False;False;False;False;False;False;2;Низкий;ниже рынка
Z8TXTGF3WDM001266;Avangard Приморский;Mitsubishi;Outlander;2013;192459;Среднее (C);C;True;1–2 млн ₽;19.0;17.0;1215000.0;90.0;;;;;;972600.0;72.0;242400.0;20.0;148283.0;12.2;Высокая прибыль;199365;0.0;2.0;звонки были;4-;26;Бойцов Иван;Бойцов Иван;Trade-In на БУ;81.0;1066300.0;20000.0;1207000.0;1;Бойцов Иван;Бойцов Иван;1;1;False;True;False;False;False;True;False;False;False;False;False;False;False;False;2;Низкий;ниже рынка
XWBMA481JBA529492;Avangard Приморский;Chevrolet;Spark;2011;113579;Плохое (D);D;True;<1 млн ₽;5.0;0.0;300000.0;54.0;;;;;;259000.0;47.0;41000.0;14.0;26627.0;8.9;Высокая прибыль;154037;;;нет данных;3+;19;Жиганов Василий;Кауров Андрей;Trade-In на БУ;48.0;250000.0;20000.0;300000.0;1;Жиганов Василий;Кауров Андрей;1;1;False;True;True;False;True;True;True;True;True;False;False;False;False;False;10;Критический;"без публикации; нет данных по звонкам; ниже рынка; ниже 90% рынка; ниже 80% рынка; ниже рынка ≤7 дней"
KNMCSHLMS8P734363;Avangard Приморский;Nissan;Almera Classic;2008;238000;Среднее (C);C;True;<1 млн ₽;33.0;30.0;336000.0;77.0;;;;;;235000.0;54.0;101000.0;30.0;61594.0;18.3;Высокая прибыль;210393;1.0;3.0;звонки были;4-;34;Тронягин Кирилл;Петров Денис;Trade-In на БУ;64.0;250000.0;20000.0;326000.0;1;Тронягин Кирилл;Петров Денис;1;1;False;True;False;False;False;True;True;True;False;False;False;False;False;False;5;Средний;"ниже рынка; ниже 90% рынка; ниже 80% рынка"
XW8ZZZ5NZ9G004206;Avangard Приморский;Volkswagen;Tiguan;2009;109394;Среднее (C);C;True;1–2 млн ₽;15.0;1.0;1040000.0;102.0;;;;;;735390.0;72.0;304610.0;29.0;207300.0;19.9;Высокая прибыль;263723;;;нет данных;3+;27;Параничев Андрей;Параничев Андрей;Trade-In на новый;83.0;814300.0;20000.0;927000.0;1;Параничев Андрей;Параничев Андрей;1;1;False;True;False;False;True;False;False;False;False;False;False;False;False;False;0;Низкий;нет данных по звонкам
XW8AC1NH5GK119925;Avangard Приморский;Skoda;Rapid;2016;357339;Плохое (D);D;True;<1 млн ₽;3.0;0.0;340000.0;52.0;;;;;;289000.0;44.0;51000.0;15.0;33895.0;10.0;Высокая прибыль;220945;;;нет данных;4-;26;Вырышев Максим;Вырышев Максим;Trade-In на новый;47.0;300000.0;20000.0;355556.0;1;Вырышев Максим;Вырышев Максим;1;1;False;True;True;False;True;True;True;True;True;False;False;False;False;False;10;Критический;"без публикации; нет данных по звонкам; ниже рынка; ниже 90% рынка; ниже 80% рынка; ниже рынка ≤7 дней"
XW8ZZZ61ZLG049487;Avangard Приморский;Volkswagen;Polo;2020;132711;Среднее (C);C;True;1–2 млн ₽;13.0;8.0;1272000.0;102.0;;;;;;996966.0;80.0;275034.0;22.0;181962.0;14.3;Высокая прибыль;151265;0.0;0.0;0 звонков;5-;16;Жиганов Василий;Жиганов Василий;Trade-In;82.0;992500.0;20000.0;1125000.0;1;Жиганов Василий;Жиганов Василий;1;1;False;True;False;True;False;False;False;False;False;False;False;False;False;False;2;Низкий;0 звонков
Z94K241CAJR053005;Avangard Приморский;Hyundai;Solaris;2017;137100;Среднее (C);C;True;<1 млн ₽;25.0;20.0;983000.0;92.0;;;;;;802581.0;75.0;180419.0;18.0;94890.0;9.7;Высокая прибыль;160280;5.0;6.0;звонки были;4;24;Тронягин Кирилл;Тронягин Кирилл;Trade-In на новый;77.0;770000.0;20000.0;929000.0;1;Тронягин Кирилл;Тронягин Кирилл;1;1;False;True;False;False;False;True;False;False;False;False;False;False;False;False;2;Низкий;ниже рынка
XWEJ3813DK0000854;Avangard Приморский;Hyundai;Tucson;2018;137391;Хорошее (B);B;True;2–3 млн ₽;20.0;15.0;2011000.0;86.0;;;;;;1737874.0;74.0;273126.0;14.0;149086.0;7.4;Высокая прибыль;85836;6.0;8.0;звонки были;4-;27;Параничев Андрей;Параничев Андрей;Trade-In на новый;81.0;1708000.0;20000.0;1920000.0;1;Параничев Андрей;Параничев Андрей;1;1;False;True;False;False;False;True;True;False;False;False;False;False;False;False;3;Средний;"ниже рынка; ниже 90% рынка"
SALLMAMH4CA385968;Avangard Приморский;Land Rover;Range Rover;2012;179699;Среднее (C);C;True;2–3 млн ₽;29.0;23.0;2238000.0;92.0;;;;;;1622600.0;67.0;615400.0;27.0;368498.0;16.5;Высокая прибыль;232857;10.0;26.0;звонки были;2;64;Симаньков Артем;Симаньков Артем;Trade-In на новый;81.0;1990600.0;20000.0;2234000.0;1;Симаньков Артем;Симаньков Артем;1;1;False;True;False;False;False;True;False;False;False;False;False;False;False;False;2;Низкий;ниже рынка
LGWFF7A58NJ640865;Avangard Приморский;Tank;300;2022;58650;Хорошее (B);B;True;3–5 млн ₽;43.0;43.0;3200000.0;96.0;;;;;;14500.0;0.0;;;;;;47710;0.0;1.0;звонки были;4;23;Тронягин Кирилл;Битюцких Дмитрий;Комиссия;0.0;3210000.0;20000.0;3280000.0;1;Тронягин Кирилл;Битюцких Дмитрий;1;1;False;True;False;False;False;True;False;False;False;False;False;False;False;False;2;Низкий;ниже рынка
XW8AC6NE9FH009877;Avangard Приморский;Skoda;Octavia;2014;257144;Плохое (D);D;True;<1 млн ₽;4.0;0.0;770000.0;84.0;;;;;;675390.0;74.0;94610.0;12.0;64164.0;8.3;Высокая прибыль;223004;;;нет данных;4;25;Жиганов Василий;Жиганов Василий;Trade-In;86.0;750000.0;20000.0;855556.0;1;Жиганов Василий;Жиганов Василий;1;1;False;True;True;False;True;True;True;False;True;False;False;False;False;False;8;Высокий;"без публикации; нет данных по звонкам; ниже рынка; ниже 90% рынка; ниже рынка ≤7 дней"
KMHBU51BP7U720616;Avangard Приморский;Hyundai;Getz;2007;173885;Плохое (D);D;True;<1 млн ₽;5.0;0.0;210000.0;39.0;214285.7142857143;98.0;98.0;-4285.71428571429;-2.0;156966.0;29.0;53034.0;25.0;35710.0;17.0;Высокая прибыль;174507;;;нет данных;3-;20;Жиганов Василий;Жиганов Василий;Trade-In на новый;63.0;300000.0;20000.0;355556.0;1;Жиганов Василий;Жиганов Василий;1;1;True;True;True;False;True;True;True;True;True;True;False;False;False;False;13;Критический;"без публикации; нет данных по звонкам; ниже рынка; ниже 90% рынка; ниже 80% рынка; ниже рынка ≤7 дней; ниже МЦП"
KNEDE221266174235;Avangard Приморский;Kia;Rio;2006;251308;Плохое (D);D;True;<1 млн ₽;56.0;0.0;195000.0;57.0;;;;;;159000.0;46.0;36000.0;18.0;18941.0;9.7;Высокая прибыль;229941;;;нет данных;1;;Вырышев Максим;Вырышев Максим;Trade-In на новый;47.0;160000.0;20000.0;200000.0;1;Вырышев Максим;Вырышев Максим;1;1;False;True;True;False;True;True;True;True;True;False;False;False;False;False;10;Критический;"без публикации; нет данных по звонкам; ниже рынка; ниже 90% рынка; ниже 80% рынка; ниже рынка ≤7 дней"
XZGEF04A2NA617068;Avangard Приморский;Haval;F7x;2022;70735;Среднее (C);C;True;1–2 млн ₽;12.0;8.0;1650000.0;89.0;;;;;;1392450.0;75.0;257550.0;16.0;165181.0;10.0;Высокая прибыль;66843;0.0;0.0;0 звонков;1;;Вырышев Максим;Вырышев Максим;Trade-In на новый;70.0;1350000.0;20000.0;1522222.0;1;Вырышев Максим;Вырышев Максим;1;1;False;True;False;True;False;True;True;False;False;False;False;False;False;False;5;Средний;"0 звонков; ниже рынка; ниже 90% рынка"
Z8NTANZ51BS003568;Avangard Приморский;Nissan;Murano;2011;194620;Плохое (D);D;True;<1 млн ₽;3.0;0.0;990000.0;103.0;;;;;;655390.0;68.0;334610.0;34.0;233367.0;23.6;Высокая прибыль;224088;;;нет данных;3-;24;Тронягин Кирилл;Тронягин Кирилл;Trade-In на новый;68.0;800000.0;20000.0;927000.0;1;Тронягин Кирилл;Тронягин Кирилл;1;1;False;True;True;False;True;False;False;False;False;False;False;False;False;False;3;Средний;"без публикации; нет данных по звонкам"
LGWFFVA70PH939671;Avangard Приморский;Wey;Coffee 01;2023;25655;Хорошее (B);B;True;3–5 млн ₽;14.0;9.0;3274000.0;97.0;;;;;;2559138.0;76.0;714862.0;22.0;468131.0;14.3;Высокая прибыль;22931;1.0;1.0;звонки были;;;;;;;;;;0;;;1;1;False;False;False;False;False;True;False;False;False;False;False;False;False;False;2;Низкий;ниже рынка
Z94PF814BNR015010;Avangard Приморский;Hyundai;Creta;2021;57300;Хорошее (B);B;True;2–3 млн ₽;14.0;11.0;2182000.0;101.0;;;;;;1809966.0;84.0;372034.0;17.0;237374.0;10.9;Высокая прибыль;75324;1.0;4.0;звонки были;5-;14;Тронягин Кирилл;Тронягин Кирилл;Trade-In на новый;86.0;1800000.0;20000.0;1966667.0;1;Тронягин Кирилл;Тронягин Кирилл;1;1;False;True;False;False;False;False;False;False;False;False;False;False;False;False;0;Низкий;
RUMKEEWLA04108274;Avangard Приморский;Mazda;CX-5;2022;49880;Хорошее (B);B;True;3–5 млн ₽;9.0;2.0;3640000.0;105.0;;;;;;2988390.0;87.0;651610.0;18.0;442163.0;12.1;Высокая прибыль;75460;6.0;6.0;звонки были;4-;10;Параничев Андрей;Параничев Андрей;Trade-In на новый;87.0;3000000.0;20000.0;3355556.0;1;Параничев Андрей;Параничев Андрей;1;1;False;True;False;False;False;False;False;False;False;False;False;False;False;False;0;Низкий;
Z8TXTGF2WKM033658;Avangard Приморский;Mitsubishi;Outlander;2019;93655;Среднее (C);C;True;1–2 млн ₽;29.0;21.0;1912000.0;84.0;;;;;;1682900.0;74.0;229100.0;12.0;94962.0;5.0;Средняя прибыль;127258;8.0;15.0;звонки были;4-;23;Вырышев Максим;Вырышев Максим;Trade-In на новый;81.0;1808800.0;20000.0;2032000.0;1;Вырышев Максим;Вырышев Максим;1;1;False;True;False;False;False;True;True;False;False;False;False;False;False;False;3;Средний;"ниже рынка; ниже 90% рынка"
XW8AC4NH1MK118316;Avangard Приморский;Skoda;Rapid;2021;88410;Хорошее (B);B;True;1–2 млн ₽;23.0;19.0;1570000.0;101.0;;;;;;1247490.0;80.0;322510.0;21.0;196672.0;12.5;Высокая прибыль;126277;3.0;5.0;звонки были;4+;22;Параничев Андрей;Параничев Андрей;Trade-In на новый;81.0;1230000.0;20000.0;1388889.0;1;Параничев Андрей;Параничев Андрей;1;1;False;True;False;False;False;False;False;False;False;False;False;False;False;False;0;Низкий;
KMHST81CDEU275047;Avangard Приморский;Hyundai;Santa Fe;2013;182853;Среднее (C);C;True;1–2 млн ₽;49.0;36.0;1496000.0;87.0;;;;;;1224970.0;71.0;271030.0;18.0;126413.0;8.5;Высокая прибыль;187237;1.0;3.0;звонки были;3+;19;Бойцов Иван;Бойцов Иван;Trade-In на новый;77.0;1300000.0;20000.0;1466667.0;1;Бойцов Иван;Бойцов Иван;1;1;False;True;False;False;False;True;True;False;False;False;False;False;False;False;3;Средний;"ниже рынка; ниже 90% рынка"
X9FKXXEEBKDJ79139;Avangard Приморский;Ford;Focus;2013;189725;Среднее (C);C;True;<1 млн ₽;38.0;34.0;685000.0;91.0;;;;;;540089.0;72.0;144911.0;21.0;71956.0;10.5;Высокая прибыль;203752;2.0;2.0;звонки были;4-;38;Бойцов Иван;Бойцов Иван;Trade-In на БУ;74.0;500000.0;20000.0;577778.0;1;Бойцов Иван;Бойцов Иван;1;1;False;True;False;False;False;True;False;False;False;False;False;False;False;False;2;Низкий;ниже рынка
VF7NX5FEADY551906;Avangard Приморский;Citroen;DS4;2013;226806;Плохое (D);D;True;<1 млн ₽;1.0;0.0;360000.0;48.0;;;;;;300000.0;40.0;60000.0;17.0;42036.0;11.7;Высокая прибыль;176462;;;нет данных;3;19;Вырышев Максим;Вырышев Максим;Trade-In на новый;50.0;400000.0;20000.0;466667.0;1;Вырышев Максим;Вырышев Максим;1;1;False;True;True;False;True;True;True;True;True;False;False;False;False;False;10;Критический;"без публикации; нет данных по звонкам; ниже рынка; ниже 90% рынка; ниже 80% рынка; ниже рынка ≤7 дней"
WBAUA11070VP61675;Avangard Приморский;BMW;1 серии;2010;228229;Плохое (D);D;True;<1 млн ₽;4.0;0.0;608000.0;79.0;;;;;;255390.0;33.0;352610.0;58.0;246544.0;40.6;Высокая прибыль;204738;;;нет данных;3-;29;Бойцов Иван;Бойцов Иван;Trade-In на новый;73.0;500000.0;20000.0;577778.0;1;Бойцов Иван;Бойцов Иван;1;1;False;True;True;False;True;True;True;True;True;False;False;False;False;False;10;Критический;"без публикации; нет данных по звонкам; ниже рынка; ниже 90% рынка; ниже 80% рынка; ниже рынка ≤7 дней"
JHMFD15207S221328;Avangard Приморский;Honda;Civic;2007;235035;Плохое (D);D;True;<1 млн ₽;4.0;0.0;486000.0;85.0;;;;;;209000.0;37.0;277000.0;57.0;192865.0;39.7;Высокая прибыль;279015;;;нет данных;3+;39;Параничев Андрей;Параничев Андрей;Trade-In на новый;71.0;352600.0;5000.0;447000.0;1;Параничев Андрей;Параничев Андрей;1;1;False;True;True;False;True;True;True;False;True;False;False;False;False;False;8;Высокий;"без публикации; нет данных по звонкам; ниже рынка; ниже 90% рынка; ниже рынка ≤7 дней"
Z94CT41CBFR331598;Avangard Приморский;Hyundai;Solaris;2014;176000;Плохое (D);D;True;<1 млн ₽;5.0;0.0;689000.0;79.0;;;;;;458470.0;53.0;230530.0;33.0;159472.0;23.1;Высокая прибыль;170080;;;нет данных;3;41;Жиганов Василий;Жиганов Василий;Trade-In;75.0;625000.0;20000.0;716667.0;1;Жиганов Василий;Жиганов Василий;1;1;False;True;True;False;True;True;True;True;True;False;False;False;False;False;10;Критический;"без публикации; нет данных по звонкам; ниже рынка; ниже 90% рынка; ниже 80% рынка; ниже рынка ≤7 дней"
JTJBERBZ202066318;Avangard Приморский;Lexus;NX;2020;53152;Хорошее (B);B;True;2–3 млн ₽;6.0;0.0;2910000.0;76.0;3383720.9302325584;86.0;86.0;-473720.9302325584;-14.0;2709000.0;71.0;201000.0;7.0;130964.0;4.5;Низкая прибыль;93782;;;нет данных;3;14;Бойцов Иван;Бойцов Иван;Trade-In на новый;75.0;2800000.0;20000.0;3133333.0;1;Бойцов Иван;Бойцов Иван;1;1;True;True;True;False;True;True;True;True;True;True;True;True;False;False;15;Критический;"без публикации; нет данных по звонкам; ниже рынка; ниже 90% рынка; ниже 80% рынка; ниже рынка ≤7 дней; ниже МЦП; ниже 95% МЦП; ниже 90% МЦП"
Y4K8622ZXRB903821;Avangard Приморский;Geely;Coolray;2024;44160;Среднее (C);C;True;1–2 млн ₽;27.0;23.0;1846000.0;99.0;;;;;;1667490.0;89.0;178510.0;10.0;80903.0;4.4;Низкая прибыль;36015;0.0;3.0;звонки были;5-;17;Бойцов Иван;Бойцов Иван;Trade-In на новый;81.0;1721500.0;20000.0;1935000.0;1;Бойцов Иван;Бойцов Иван;1;1;False;True;False;False;False;True;False;False;False;False;False;False;False;False;2;Низкий;ниже рынка
Z94K241BBKR079511;Avangard Приморский;Hyundai;Solaris;2018;122240;Хорошее (B);B;True;1–2 млн ₽;18.0;12.0;1065000.0;100.0;;;;;;824391.0;78.0;240609.0;23.0;148650.0;14.0;Высокая прибыль;248907;1.0;1.0;звонки были;4+;22;Параничев Андрей;Параничев Андрей;Trade-In на новый;83.0;823720.0;20000.0;948000.0;1;Параничев Андрей;Параничев Андрей;1;1;False;True;False;False;False;False;False;False;False;False;False;False;False;False;0;Низкий;
XTAGFK120LY373863;Avangard Приморский;Lada (ВАЗ);Vesta;2019;104718;Плохое (D);D;True;<1 млн ₽;0.0;0.0;650000.0;82.0;;;;;;609000.0;77.0;41000.0;6.0;27337.0;4.2;Низкая прибыль;142484;;;нет данных;3+;40;Тронягин Кирилл;Тронягин Кирилл;Trade-In на новый;69.0;650000.0;20000.0;819000.0;1;Тронягин Кирилл;Тронягин Кирилл;1;1;False;True;True;False;True;True;True;False;True;False;False;False;False;False;8;Высокий;"без публикации; нет данных по звонкам; ниже рынка; ниже 90% рынка; ниже рынка ≤7 дней"
Z94K341CBLR165997;Avangard Приморский;Hyundai;Solaris;2019;224500;Плохое (D);D;True;<1 млн ₽;13.0;0.0;825000.0;73.0;;;;;;639000.0;57.0;186000.0;23.0;124768.0;15.1;Высокая прибыль;157061;;;нет данных;5-;22;Бойцов Иван;Бойцов Иван;Trade-In на новый;81.0;862900.0;20000.0;981000.0;1;Бойцов Иван;Бойцов Иван;1;1;False;True;True;False;True;True;True;True;True;False;False;False;False;False;10;Критический;"без публикации; нет данных по звонкам; ниже рынка; ниже 90% рынка; ниже 80% рынка; ниже рынка ≤7 дней"
LB37852D8PS152195;Avangard Приморский;Geely;Monjaro;2023;38879;Хорошее (B);B;True;2–3 млн ₽;51.0;48.0;2999000.0;90.0;3029292.9292929294;99.0;99.0;-30292.92929292936;-1.0;2771100.0;83.0;227900.0;8.0;42435.0;1.4;Низкая прибыль;51656;4.0;11.0;звонки были;5-;22;Бойцов Иван;Бойцов Иван;Trade-In на новый;84.0;2900000.0;20000.0;3244444.0;2;"Бойцов Иван; Вырышев Максим";"Бойцов Иван; Вырышев Максим";1;1;True;True;False;False;False;True;False;False;False;True;False;False;False;True;5;Средний;"ниже рынка; ниже МЦП; несколько оценок"
XWEJC813DJ0004861;Avangard Приморский;Hyundai;Tucson;2017;67003;Хорошее (B);B;True;2–3 млн ₽;23.0;5.0;2107000.0;95.0;;;;;;1680400.0;76.0;426600.0;20.0;271350.0;12.9;Высокая прибыль;146416;3.0;3.0;звонки были;3;23;Вырышев Максим;Вырышев Максим;Trade-In на новый;78.0;1650000.0;20000.0;1855556.0;1;Вырышев Максим;Вырышев Максим;1;1;False;True;False;False;False;True;False;False;True;False;False;False;False;False;4;Средний;"ниже рынка; ниже рынка ≤7 дней"
Y4K8622Z8NB909501;Avangard Приморский;Geely;Coolray;2022;71099;Хорошее (B);B;True;1–2 млн ₽;47.0;41.0;1513000.0;95.0;;;;;;1327197.0;83.0;185803.0;12.0;50566.0;3.3;Низкая прибыль;89277;2.0;4.0;звонки были;4+;21;Жиганов Василий;Жиганов Василий;Trade-In;82.0;1300000.0;20000.0;1466667.0;1;Жиганов Василий;Жиганов Василий;1;1;False;True;False;False;False;True;False;False;False;False;False;False;False;False;2;Низкий;ниже рынка
KL1YA755JCK547596;Avangard Приморский;Chevrolet;Orlando;2011;205108;Хорошее (B);B;True;<1 млн ₽;3.0;0.0;515000.0;54.0;668831.1688311688;77.0;77.0;-153831.1688311688;-23.0;420390.0;44.0;94610.0;18.0;64953.0;12.6;Высокая прибыль;216733;;;нет данных;3;27;Симаньков Артем;Симаньков Артем;Trade-In на новый;44.0;415000.0;20000.0;483333.0;1;Симаньков Артем;Симаньков Артем;1;1;True;True;True;False;True;True;True;True;True;True;True;True;False;False;15;Критический;"без публикации; нет данных по звонкам; ниже рынка; ниже 90% рынка; ниже 80% рынка; ниже рынка ≤7 дней; ниже МЦП; ниже 95% МЦП; ниже 90% МЦП"
XWBMA48N9NA510201;Avangard Приморский;Chevrolet;Spark;2021;41780;Хорошее (B);B;True;1–2 млн ₽;10.0;6.0;1150000.0;103.0;;;;;;905900.0;81.0;244100.0;21.0;160055.0;13.9;Высокая прибыль;51981;2.0;2.0;звонки были;2-;;Тронягин Кирилл;Тронягин Кирилл;Trade-In на новый;84.0;880000.0;20000.0;1011236.0;1;Тронягин Кирилл;Тронягин Кирилл;1;1;False;True;False;False;False;False;False;False;False;False;False;False;False;False;0;Низкий;
XW8ZZZ5NZDG132556;Avangard Приморский;Volkswagen;Tiguan;2013;277552;Плохое (D);D;True;<1 млн ₽;7.0;0.0;700000.0;72.0;;;;;;631966.0;65.0;68034.0;10.0;44266.0;6.3;Средняя прибыль;169654;;;нет данных;3-;54;Вырышев Максим;Вырышев Максим;Trade-In на новый;75.0;700000.0;20000.0;800000.0;1;Вырышев Максим;Вырышев Максим;1;1;False;True;True;False;True;True;True;True;True;False;False;False;False;False;10;Критический;"без публикации; нет данных по звонкам; ниже рынка; ниже 90% рынка; ниже 80% рынка; ниже рынка ≤7 дней"
LW433B128P1716503;Avangard Приморский;Li Auto (Lixiang);L7;2023;47000;Хорошее (B);B;True;5+ млн ₽;26.0;21.0;5490000.0;95.0;;;;;;4721204.0;81.0;768796.0;14.0;450718.0;8.2;Высокая прибыль;46948;6.0;10.0;звонки были;2;;Тронягин Кирилл;Петров Денис;Trade-In на БУ;82.0;4700000.0;20000.0;5244444.0;1;Тронягин Кирилл;Петров Денис;1;1;False;True;False;False;False;True;False;False;False;False;False;False;False;False;2;Низкий;ниже рынка
XW8ZZZ61ZKG027297;Avangard Приморский;Volkswagen;Polo;2018;247520;Плохое (D);D;True;<1 млн ₽;0.0;0.0;550000.0;68.0;;;;;;409000.0;50.0;141000.0;26.0;97670.0;17.8;Высокая прибыль;201635;;;нет данных;4+;24;Вырышев Максим;Вырышев Максим;Trade-In на новый;0.0;;;;1;Вырышев Максим;Вырышев Максим;1;1;False;True;True;False;True;True;True;True;True;False;False;False;False;False;10;Критический;"без публикации; нет данных по звонкам; ниже рынка; ниже 90% рынка; ниже 80% рынка; ниже рынка ≤7 дней"
XWEER81AEL0002216;Avangard Приморский;Kia;Seltos;2020;110606;Хорошее (B);B;True;1–2 млн ₽;50.0;43.0;1833000.0;90.0;;;;;;1571085.0;77.0;261915.0;14.0;106120.0;5.8;Средняя прибыль;89036;0.0;2.0;звонки были;3+;19;Жиганов Василий;Жиганов Василий;Trade-In;82.0;1530000.0;20000.0;1722222.0;1;Жиганов Василий;Жиганов Василий;1;1;False;True;False;False;False;True;False;False;False;False;False;False;False;False;2;Низкий;ниже рынка
LB37852D5PS151361;Avangard Приморский;Geely;Monjaro;2023;36134;Среднее (C);C;True;3–5 млн ₽;20.0;13.0;3390000.0;100.0;;;;;;2817490.0;83.0;572510.0;17.0;359452.0;10.6;Высокая прибыль;52976;0.0;1.0;звонки были;5-;15;Бойцов Иван;Бойцов Иван;Trade-In на новый;81.0;2800000.0;20000.0;3133333.0;1;Бойцов Иван;Бойцов Иван;1;1;False;True;False;False;False;False;False;False;False;False;False;False;False;False;0;Низкий;
XW8ZZZ16ZEN907395;Avangard Приморский;Volkswagen;Jetta;2014;192000;Среднее (C);C;True;<1 млн ₽;34.0;29.0;798000.0;82.0;;;;;;627400.0;64.0;170600.0;21.0;85361.0;10.7;Высокая прибыль;230025;7.0;9.0;звонки были;4-;28;Тронягин Кирилл;Тронягин Кирилл;Trade-In на новый;77.0;700000.0;20000.0;837000.0;1;Тронягин Кирилл;Тронягин Кирилл;1;1;False;True;False;False;False;True;True;False;False;False;False;False;False;False;3;Средний;"ниже рынка; ниже 90% рынка"
Y4K8622Z4MB911891;Avangard Приморский;Geely;Coolray;2021;75730;Хорошее (B);B;True;1–2 млн ₽;31.0;26.0;1560000.0;94.0;;;;;;1367490.0;83.0;192510.0;12.0;85438.0;5.5;Средняя прибыль;84488;4.0;8.0;звонки были;4+;23;Жиганов Василий;Жиганов Василий;Trade-In;81.0;1333600.0;20000.0;1504000.0;1;Жиганов Василий;Жиганов Василий;1;1;False;True;False;False;False;True;False;False;False;False;False;False;False;False;2;Низкий;ниже рынка
LVTDB21B7MD324874;Avangard Приморский;Chery;Tiggo 8 Pro;2021;101102;Хорошее (B);B;True;1–2 млн ₽;32.0;26.0;1713000.0;92.0;;;;;;1399500.0;75.0;313500.0;18.0;177869.0;10.4;Высокая прибыль;82414;0.0;0.0;0 звонков;4;23;Параничев Андрей;Параничев Андрей;Trade-In на новый;82.0;1503700.0;20000.0;1693000.0;1;Параничев Андрей;Параничев Андрей;1;1;False;True;False;True;False;True;False;False;False;False;False;False;False;False;4;Средний;"0 звонков; ниже рынка"
XW8AT4NH6NK109709;Avangard Приморский;Skoda;Rapid;2021;59800;Хорошее (B);B;True;1–2 млн ₽;32.0;26.0;1755000.0;96.0;;;;;;1489550.0;82.0;265450.0;15.0;139919.0;8.0;Высокая прибыль;81595;2.0;2.0;звонки были;4;21;Бойцов Иван;Бойцов Иван;Trade-In на новый;80.0;1400000.0;20000.0;1577778.0;1;Бойцов Иван;Бойцов Иван;1;1;False;True;False;False;False;True;False;False;False;False;False;False;False;False;2;Низкий;ниже рынка
X7LASRA1866194246;Avangard Приморский;Renault;Kaptur;2020;89271;Хорошее (B);B;True;1–2 млн ₽;26.0;12.0;1563000.0;96.0;;;;;;1124700.0;69.0;438300.0;28.0;281803.0;18.0;Высокая прибыль;77034;0.0;0.0;0 звонков;2;;Симаньков Артем;Симаньков Артем;Trade-In на новый;80.0;1100000.0;20000.0;1244444.0;1;Симаньков Артем;Симаньков Артем;1;1;False;True;False;True;False;True;False;False;False;False;False;False;False;False;4;Средний;"0 звонков; ниже рынка"
1HGRW6850JL510993;Avangard Приморский;Honda;CR-V;2018;156750;Хорошее (B);B;True;2–3 млн ₽;7.0;1.0;2655000.0;96.0;;;;;;1967490.0;71.0;687510.0;26.0;473087.0;17.8;Высокая прибыль;134536;2.0;2.0;звонки были;4-;16;Бойцов Иван;Бойцов Иван;Trade-In на новый;73.0;2000000.0;20000.0;2244444.0;1;Бойцов Иван;Бойцов Иван;1;1;False;True;False;False;False;True;False;False;True;False;False;False;False;False;4;Средний;"ниже рынка; ниже рынка ≤7 дней"
LGWFF7A56RJ660022;Avangard Приморский;Tank;300;2024;5954;Хорошее (B);B;True;3–5 млн ₽;66.0;19.0;3899000.0;99.0;;;;;;3372840.0;86.0;526160.0;13.0;218322.0;5.6;Средняя прибыль;30532;15.0;19.0;звонки были;4-;37;Вырышев Максим;Вырышев Максим;Trade-In на новый;88.0;3400000.0;20000.0;3800000.0;1;Вырышев Максим;Вырышев Максим;1;1;False;True;False;False;False;True;False;False;False;False;False;False;False;False;2;Низкий;ниже рынка
X4XPC7841AWA48018;Avangard Приморский;BMW;X3;2009;175570;Плохое (D);D;True;<1 млн ₽;2.0;0.0;600000.0;61.0;;;;;;520000.0;53.0;80000.0;13.0;55697.0;9.3;Высокая прибыль;228897;;;нет данных;3+;19;Жиганов Василий;Жиганов Василий;Trade-In;81.0;970900.0;20000.0;1101000.0;1;Жиганов Василий;Жиганов Василий;1;1;False;True;True;False;True;True;True;True;True;False;False;False;False;False;10;Критический;"без публикации; нет данных по звонкам; ниже рынка; ниже 90% рынка; ниже 80% рынка; ниже рынка ≤7 дней"
Z6F5XXEEC5JT52540;Avangard Приморский;Ford;Focus;2018;101775;Хорошее (B);B;True;1–2 млн ₽;43.0;39.0;1262000.0;96.0;;;;;;1112200.0;85.0;149800.0;12.0;51504.0;4.1;Низкая прибыль;115065;2.0;5.0;звонки были;3-;29;Вырышев Максим;Вырышев Максим;Trade-In на новый;86.0;1100000.0;20000.0;1352000.0;2;"Богачев Андрей; Вырышев Максим";"Богачев Андрей; Вырышев Максим";1;1;False;True;False;False;False;True;False;False;False;False;False;False;False;True;2;Низкий;"ниже рынка; несколько оценок"
LGWFF7A56PJ643637;Avangard Приморский;Tank;300;2023;49251;Хорошее (B);B;True;3–5 млн ₽;21.0;12.0;3299000.0;96.0;;;;;;2622900.0;76.0;676100.0;20.0;433032.0;13.1;Высокая прибыль;49504;0.0;2.0;звонки были;5-;16;Жиганов Василий;Жиганов Василий;Trade-In;77.0;2600000.0;20000.0;2911111.0;1;Жиганов Василий;Жиганов Василий;1;1;False;True;False;False;False;True;False;False;False;False;False;False;False;False;2;Низкий;ниже рынка
Y4K8622Z5LB902907;Avangard Приморский;Geely;Coolray;2020;77890;Хорошее (B);B;True;1–2 млн ₽;33.0;27.0;1458000.0;92.0;;;;;;1221100.0;77.0;236900.0;16.0;125182.0;8.6;Высокая прибыль;79792;1.0;1.0;звонки были;4+;24;Параничев Андрей;Параничев Андрей;Trade-In на новый;83.0;1298500.0;20000.0;1465000.0;1;Параничев Андрей;Параничев Андрей;1;1;False;True;False;False;False;True;False;False;False;False;False;False;False;False;2;Низкий;ниже рынка
HJRPBGFA8RB174462;Avangard Приморский;Jetour;DASHING;2023;37633;Хорошее (B);B;True;1–2 млн ₽;13.0;7.0;1790000.0;93.0;;;;;;1470566.0;77.0;319434.0;18.0;200803.0;11.2;Высокая прибыль;45098;5.0;5.0;звонки были;2;;Вырышев Максим;Вырышев Максим;Trade-In на новый;82.0;1450000.0;20000.0;1633333.0;1;Вырышев Максим;Вырышев Максим;1;1;False;True;False;False;False;True;False;False;True;False;False;False;False;False;4;Средний;"ниже рынка; ниже рынка ≤7 дней"
XWEFX417BJC005781;Avangard Приморский;Kia;Cerato;2018;76390;Среднее (C);C;True;1–2 млн ₽;43.0;35.0;1475000.0;86.0;;;;;;1180915.0;69.0;294085.0;20.0;149348.0;10.1;Высокая прибыль;126676;3.0;5.0;звонки были;4-;24;Вырышев Максим;Вырышев Максим;Trade-In на новый;70.0;1200000.0;20000.0;1355556.0;1;Вырышев Максим;Вырышев Максим;1;1;False;True;False;False;False;True;True;False;False;False;False;False;False;False;3;Средний;"ниже рынка; ниже 90% рынка"
KMHSU81XDFU446197;Avangard Приморский;Hyundai;Santa Fe;2014;125354;Среднее (C);C;True;1–2 млн ₽;79.0;77.0;1870000.0;97.0;;;;;;1525070.0;79.0;344930.0;18.0;121853.0;6.5;Высокая прибыль;199548;0.0;7.0;звонки были;3-;44;Симаньков Артем;Симаньков Артем;Trade-In на новый;73.0;1500000.0;20000.0;1688889.0;1;Симаньков Артем;Симаньков Артем;1;1;False;True;False;False;False;True;False;False;False;False;False;False;False;False;2;Низкий;ниже рынка
Z6FDXXEECDHU27469;Avangard Приморский;Ford;Mondeo;2017;109647;Хорошее (B);B;True;1–2 млн ₽;0.0;0.0;1500000.0;79.0;1530612.2448979593;98.0;98.0;-30612.24489795929;-2.0;1279000.0;68.0;221000.0;15.0;153937.0;10.3;Высокая прибыль;181585;;;нет данных;3;19;Жиганов Василий;Полежаев Александр;Trade-In на БУ;83.0;1325000.0;20000.0;1494444.0;1;Жиганов Василий;Полежаев Александр;1;1;True;True;True;False;True;True;True;True;True;True;False;False;False;False;13;Критический;"без публикации; нет данных по звонкам; ниже рынка; ниже 90% рынка; ниже 80% рынка; ниже рынка ≤7 дней; ниже МЦП"
XUUNF356JC0003503;Avangard Приморский;Chevrolet;Lacetti;2011;277841;Плохое (D);D;True;<1 млн ₽;9.0;0.0;220000.0;53.0;;;;;;139000.0;33.0;81000.0;37.0;54785.0;24.9;Высокая прибыль;266309;;;нет данных;4-;28;Жиганов Василий;Жиганов Василий;Trade-In;56.00000000000001;230000.0;20000.0;277778.0;1;Жиганов Василий;Жиганов Василий;1;1;False;True;True;False;True;True;True;True;True;False;False;False;False;False;10;Критический;"без публикации; нет данных по звонкам; ниже рынка; ниже 90% рынка; ниже 80% рынка; ниже рынка ≤7 дней"
XTAGFK110NY643827;Avangard Приморский;Lada (ВАЗ);Vesta;2022;54750;Среднее (C);C;True;1–2 млн ₽;16.0;10.0;1218000.0;94.0;;;;;;891100.0;69.0;326900.0;27.0;213968.0;17.6;Высокая прибыль;100142;0.0;0.0;0 звонков;4;29;Бойцов Иван;Бойцов Иван;Trade-In на новый;76.0;900000.0;20000.0;1022222.0;1;Бойцов Иван;Бойцов Иван;1;1;False;True;False;True;False;True;False;False;False;False;False;False;False;False;4;Средний;"0 звонков; ниже рынка"
XWEHN512BD0010928;Avangard Приморский;Kia;Ceed;2013;103612;Среднее (C);C;True;1–2 млн ₽;39.0;35.0;1120000.0;94.0;;;;;;840600.0;70.0;279400.0;25.0;156286.0;14.0;Высокая прибыль;115588;2.0;2.0;звонки были;4-;35;Симаньков Артем;Симаньков Артем;Trade-In на новый;80.0;939400.0;20000.0;1066000.0;1;Симаньков Артем;Симаньков Артем;1;1;False;True;False;False;False;True;False;False;False;False;False;False;False;False;2;Низкий;ниже рынка
NLHPN81DP9Z061002;Avangard Приморский;Hyundai;Matrix;2009;241058;Плохое (D);D;True;<1 млн ₽;1.0;0.0;215000.0;53.0;;;;;;159000.0;39.0;56000.0;26.0;37800.0;17.6;Высокая прибыль;215722;;;нет данных;;;Тронягин Кирилл;Тронягин Кирилл;Trade-In на новый;41.0;150000.0;20000.0;209000.0;1;Тронягин Кирилл;Тронягин Кирилл;1;1;False;True;True;False;True;True;True;True;True;False;False;False;False;False;10;Критический;"без публикации; нет данных по звонкам; ниже рынка; ниже 90% рынка; ниже 80% рынка; ниже рынка ≤7 дней"
X7MCF41GP9A225336;Avangard Приморский;Hyundai;Accent;2009;193576;Плохое (D);D;True;<1 млн ₽;12.0;0.0;375000.0;90.0;;;;;;174000.0;42.0;201000.0;54.0;138726.0;37.0;Высокая прибыль;213172;;;нет данных;3;19;Вырышев Максим;Вырышев Максим;Trade-In на новый;65.0;225000.0;20000.0;272222.0;1;Вырышев Максим;Вырышев Максим;1;1;False;True;True;False;True;True;False;False;True;False;False;False;False;False;7;Высокий;"без публикации; нет данных по звонкам; ниже рынка; ниже рынка ≤7 дней"
RUMGJ4268FV014491;Avangard Приморский;Mazda;6;2014;143331;Хорошее (B);B;True;1–2 млн ₽;13.0;6.0;1499000.0;100.0;;;;;;1118384.0;75.0;380616.0;25.0;241522.0;16.1;Высокая прибыль;189837;4.0;4.0;звонки были;3;38;Жиганов Василий;Жиганов Василий;Trade-In;78.0;1150000.0;20000.0;1300000.0;1;Жиганов Василий;Жиганов Василий;1;1;False;True;False;False;False;False;False;False;False;False;False;False;False;False;0;Низкий;
XTT316300D0007600;Avangard Приморский;УАЗ;Патриот;2013;131847;Плохое (D);D;True;<1 млн ₽;1.0;0.0;210000.0;36.0;216494.84536082475;97.0;97.0;-6494.845360824751;-3.0;156966.0;27.0;53034.0;25.0;36054.0;17.2;Высокая прибыль;157509;;;нет данных;3+;35;Параничев Андрей;Параничев Андрей;Trade-In на новый;62.0;304170.0;20000.0;421000.0;1;Параничев Андрей;Параничев Андрей;1;1;True;True;True;False;True;True;True;True;True;True;False;False;False;False;13;Критический;"без публикации; нет данных по звонкам; ниже рынка; ниже 90% рынка; ниже 80% рынка; ниже рынка ≤7 дней; ниже МЦП"
XW8ZZZ61ZGG000563;Avangard Приморский;Volkswagen;Polo;2015;207048;Среднее (C);C;True;<1 млн ₽;26.0;22.0;723000.0;93.0;;;;;;552490.0;71.0;170510.0;24.0;104307.0;14.4;Высокая прибыль;234043;1.0;2.0;звонки были;4;32;Жиганов Василий;Тронягин Кирилл;Trade-In на новый;78.0;550000.0;20000.0;700000.0;1;Жиганов Василий;Тронягин Кирилл;1;1;False;True;False;False;False;True;False;False;False;False;False;False;False;False;2;Низкий;ниже рынка
LVVDB21B0MD202199;Avangard Приморский;Chery;Tiggo 7 Pro;2021;97541;Хорошее (B);B;True;1–2 млн ₽;52.0;48.0;1358000.0;88.0;;;;;;1044795.0;68.0;313205.0;23.0;157810.0;11.6;Высокая прибыль;82008;2.0;7.0;звонки были;5-;22;Параничев Андрей;Параничев Андрей;Trade-In на новый;80.0;1151800.0;20000.0;1302000.0;1;Параничев Андрей;Параничев Андрей;1;1;False;True;False;False;False;True;True;False;False;False;False;False;False;False;3;Средний;"ниже рынка; ниже 90% рынка"
3PCMANJ55Z0554609;Avangard Приморский;Infiniti;QX50;2021;65388;Среднее (C);C;True;3–5 млн ₽;37.0;33.0;3279000.0;92.0;;;;;;2623566.0;73.0;655434.0;20.0;377862.0;11.5;Высокая прибыль;64007;7.0;17.0;звонки были;2-;;Вырышев Максим;Вырышев Максим;Trade-In на новый;73.0;2600000.0;20000.0;2750000.0;1;Вырышев Максим;Вырышев Максим;1;1;False;True;False;False;False;True;False;False;False;False;False;False;False;False;2;Низкий;ниже рынка
X7L4SRAT455058769;Avangard Приморский;Renault;Logan;2016;192610;Среднее (C);C;True;<1 млн ₽;3.0;0.0;250000.0;41.0;423728.81355932204;59.0;59.0;-173728.81355932204;-41.0;189000.0;31.0;61000.0;24.0;41093.0;16.4;Высокая прибыль;161299;;;нет данных;2-;;Параничев Андрей;Параничев Андрей;Trade-In на новый;63.0;400840.0;20000.0;501000.0;1;Параничев Андрей;Параничев Андрей;1;1;True;True;True;False;True;True;True;True;True;True;True;True;False;False;15;Критический;"без публикации; нет данных по звонкам; ниже рынка; ниже 90% рынка; ниже 80% рынка; ниже рынка ≤7 дней; ниже МЦП; ниже 95% МЦП; ниже 90% МЦП"
SJNFBAJ10U1189371;Avangard Приморский;Nissan;Qashqai;2008;182035;Среднее (C);C;True;<1 млн ₽;71.0;62.0;709000.0;89.0;;;;;;605376.0;76.0;103624.0;15.0;23735.0;3.3;Низкая прибыль;217637;2.0;6.0;звонки были;3;34;Жиганов Василий;Жиганов Василий;Trade-In;79.0;600000.0;20000.0;688889.0;1;Жиганов Василий;Жиганов Василий;1;1;False;True;False;False;False;True;True;False;False;False;False;False;False;False;3;Средний;"ниже рынка; ниже 90% рынка"
LS5A2DKE0RA945243;Avangard Приморский;Changan;UNI-V;2023;54730;Хорошее (B);B;True;2–3 млн ₽;46.0;41.0;2025000.0;95.0;;;;;;1821100.0;86.0;203900.0;10.0;67248.0;3.3;Низкая прибыль;44637;0.0;1.0;звонки были;4-;19;Параничев Андрей;Параничев Андрей;Trade-In на новый;86.0;1871800.0;20000.0;2102000.0;1;Параничев Андрей;Параничев Андрей;1;1;False;True;False;False;False;True;False;False;False;False;False;False;False;False;2;Низкий;ниже рынка
X9FAXXEEDA5U52056;Avangard Приморский;Ford;Focus;2005;175200;Плохое (D);D;True;<1 млн ₽;1.0;0.0;50000.0;24.0;83333.33333333334;60.0;60.0;-33333.33333333334;-40.0;10000.0;5.0;40000.0;80.0;28128.0;56.3;Высокая прибыль;272189;;;нет данных;4-;14;Жиганов Василий;Жиганов Василий;Trade-In;69.0;150000.0;20000.0;188889.0;1;Жиганов Василий;Жиганов Василий;1;1;True;True;True;False;True;True;True;True;True;True;True;True;False;False;15;Критический;"без публикации; нет данных по звонкам; ниже рынка; ниже 90% рынка; ниже 80% рынка; ниже рынка ≤7 дней; ниже МЦП; ниже 95% МЦП; ниже 90% МЦП"
Y4K8622Z1PB916180;Avangard Приморский;Geely;Coolray;2023;24415;Отличное (A);A;True;1–2 млн ₽;42.0;36.0;1845000.0;91.0;1882653.06122449;98.0;98.0;-37653.06122448994;-2.0;1599290.0;79.0;245710.0;13.0;106826.0;5.8;Средняя прибыль;62405;1.0;4.0;звонки были;4+;19;Вырышев Максим;Вырышев Максим;Trade-In на новый;79.0;1580000.0;20000.0;1777778.0;1;Вырышев Максим;Вырышев Максим;1;1;True;True;False;False;False;True;False;False;False;True;False;False;False;False;5;Средний;"ниже рынка; ниже МЦП"
LMELBL1P3NRC09925;Avangard Приморский;Skywell;ET5;2023;67572;Хорошее (B);B;True;1–2 млн ₽;102.0;103.0;1900000.0;85.0;;;;;;;;;;;;;35213;0.0;22.0;звонки были;1-;;Черняева Ирина;Черняева Ирина;Возврат;81.0;2030200.0;20000.0;2278000.0;1;Черняева Ирина;Черняева Ирина;1;1;False;True;False;False;False;True;True;False;False;False;False;False;False;False;3;Средний;"ниже рынка; ниже 90% рынка"
XZGFF06A0RA926349;Avangard Приморский;Haval;Dargo;2024;28111;Хорошее (B);B;True;2–3 млн ₽;43.0;41.0;2706000.0;98.0;;;;;;2421100.0;87.0;284900.0;11.0;116196.0;4.3;Низкая прибыль;27404;0.0;4.0;звонки были;4+;22;Тронягин Кирилл;Тронягин Кирилл;Trade-In на новый;87.0;2400000.0;20000.0;2688889.0;1;Тронягин Кирилл;Тронягин Кирилл;1;1;False;True;False;False;False;True;False;False;False;False;False;False;False;False;2;Низкий;ниже рынка
Z8NBAABD0H0051263;Avangard Приморский;Datsun;on-DO;2016;40600;Плохое (D);D;True;<1 млн ₽;1.0;0.0;340000.0;58.0;;;;;;289000.0;49.0;51000.0;15.0;34212.0;10.1;Высокая прибыль;132348;;;нет данных;3;19;Вырышев Максим;Вырышев Максим;Trade-In на новый;52.0;280000.0;20000.0;333333.0;1;Вырышев Максим;Вырышев Максим;1;1;False;True;True;False;True;True;True;True;True;False;False;False;False;False;10;Критический;"без публикации; нет данных по звонкам; ниже рынка; ниже 90% рынка; ниже 80% рынка; ниже рынка ≤7 дней"
XW8ZZZ5NZKG214594;Avangard Приморский;Volkswagen;Tiguan;2018;114606;Хорошее (B);B;True;2–3 млн ₽;36.0;32.0;2446000.0;92.0;;;;;;2243366.0;84.0;202634.0;8.0;65194.0;2.7;Низкая прибыль;135423;2.0;5.0;звонки были;4-;33;Параничев Андрей;Параничев Андрей;Trade-In на новый;82.0;2215600.0;20000.0;2484000.0;1;Параничев Андрей;Параничев Андрей;1;1;False;True;False;False;False;True;False;False;False;False;False;False;False;False;2;Низкий;ниже рынка
XW8CA41Z2DK260820;Avangard Приморский;Skoda;Octavia;2013;159687;Плохое (D);D;True;<1 млн ₽;4.0;0.0;735000.0;87.0;;;;;;305390.0;36.0;429610.0;58.0;300591.0;40.9;Высокая прибыль;249635;;;нет данных;3+;44;Симаньков Артем;Симаньков Артем;Trade-In на новый;82.0;654100.0;20000.0;749000.0;1;Симаньков Артем;Симаньков Артем;1;1;False;True;True;False;True;True;True;False;True;False;False;False;False;False;8;Высокий;"без публикации; нет данных по звонкам; ниже рынка; ниже 90% рынка; ниже рынка ≤7 дней"
SALYA2BN4LA243645;Avangard Приморский;Land Rover;Range Rover Velar;2019;95250;Хорошее (B);B;True;3–5 млн ₽;20.0;16.0;4250000.0;88.0;;;;;;3241100.0;67.0;1008900.0;24.0;658253.0;15.5;Высокая прибыль;122067;1.0;6.0;звонки были;3-;19;Жиганов Василий;Жиганов Василий;Trade-In;71.0;3500000.0;20000.0;3911111.0;1;Жиганов Василий;Жиганов Василий;1;1;False;True;False;False;False;True;True;False;False;False;False;False;False;False;3;Средний;"ниже рынка; ниже 90% рынка"
WBAUR31030VL40900;Avangard Приморский;BMW;1 серии;2010;251300;Хорошее (B);B;True;1–2 млн ₽;0.0;0.0;1300000.0;98.0;;;;;;;;;;35167.0;2.7;Низкая прибыль;250000;;;нет данных;;;Параничев Андрей;Параничев Андрей;Комиссия;0.0;1157000.0;20000.0;1207000.0;1;Параничев Андрей;Параничев Андрей;1;1;False;True;True;False;True;True;False;False;True;False;False;False;False;False;7;Высокий;"без публикации; нет данных по звонкам; ниже рынка; ниже рынка ≤7 дней"
XWFPD2D11E0014337;Avangard Приморский;Opel;Astra;2014;156230;Плохое (D);D;True;<1 млн ₽;1.0;0.0;350000.0;45.0;388888.8888888889;90.0;90.0;-38888.888888888876;-10.0;309000.0;40.0;41000.0;12.0;27167.0;7.8;Высокая прибыль;159921;;;нет данных;1;;Вырышев Максим;Вырышев Максим;Trade-In на БУ;75.0;625000.0;20000.0;716667.0;1;Вырышев Максим;Вырышев Максим;1;1;True;True;True;False;True;True;True;True;True;True;True;False;False;False;14;Критический;"без публикации; нет данных по звонкам; ниже рынка; ниже 90% рынка; ниже 80% рынка; ниже рынка ≤7 дней; ниже МЦП; ниже 95% МЦП"
SJNFBNJ10U2298565;Avangard Приморский;Nissan;Qashqai;2011;130686;Плохое (D);D;True;<1 млн ₽;1.0;0.0;850000.0;80.0;;;;;;759000.0;72.0;91000.0;11.0;62087.0;7.3;Высокая прибыль;190859;;;нет данных;3+;23;Параничев Андрей;Параничев Андрей;Trade-In на новый;75.0;804400.0;20000.0;916000.0;1;Параничев Андрей;Параничев Андрей;1;1;False;True;True;False;True;True;True;False;True;False;False;False;False;False;8;Высокий;"без публикации; нет данных по звонкам; ниже рынка; ниже 90% рынка; ниже рынка ≤7 дней"
Y4K8622Z2RB922086;Avangard Приморский;Belgee;X50;2024;30182;Хорошее (B);B;True;1–2 млн ₽;43.0;38.0;1889000.0;97.0;1908080.808080808;99.0;99.0;-19080.808080808027;-1.0;1721100.0;88.0;167900.0;9.0;44761.0;2.4;Низкая прибыль;58165;4.0;6.0;звонки были;4+;20;;;;;;;;0;;;1;1;True;False;False;False;False;True;False;False;False;True;False;False;False;False;5;Средний;"ниже рынка; ниже МЦП"
XWEFC416BJC000042;Avangard Приморский;Kia;Cerato;2019;115143;Среднее (C);C;True;1–2 млн ₽;41.0;38.0;1438000.0;89.0;;;;;;1190054.0;74.0;247946.0;17.0;117152.0;8.1;Высокая прибыль;125824;4.0;8.0;звонки были;3+;23;Жиганов Василий;Жиганов Василий;Trade-In;77.0;1200000.0;20000.0;1355556.0;1;Жиганов Василий;Жиганов Василий;1;1;False;True;False;False;False;True;True;False;False;False;False;False;False;False;3;Средний;"ниже рынка; ниже 90% рынка"
WVWZZZ3CZME091799;Avangard Приморский;Volkswagen;Passat;2021;97826;Хорошее (B);B;True;2–3 млн ₽;12.0;9.0;2540000.0;104.0;;;;;;2023600.0;83.0;516400.0;20.0;343747.0;13.5;Высокая прибыль;62240;5.0;6.0;звонки были;2+;27;Параничев Андрей;Параничев Андрей;Trade-In на новый;81.0;1936600.0;20000.0;2174000.0;1;Параничев Андрей;Параничев Андрей;1;1;False;True;False;False;False;False;False;False;False;False;False;False;False;False;0;Низкий;
WDD1690311J678450;Avangard Приморский;Mercedes-Benz;A-Класс;2008;149913;Хорошее (B);B;True;<1 млн ₽;9.0;7.0;625000.0;133.0;;;;;;12410.0;3.0;;;;;;213270;4.0;4.0;звонки были;;;Петров Денис;Петров Денис;Комиссия;0.0;535000.0;20000.0;585000.0;1;Петров Денис;Петров Денис;1;1;False;True;False;False;False;False;False;False;False;False;False;False;False;False;0;Низкий;
XWES281DDL0003398;Avangard Приморский;Hyundai;Santa Fe;2020;152504;Хорошее (B);B;True;2–3 млн ₽;52.0;45.0;2560000.0;91.0;;;;;;2124100.0;76.0;435900.0;17.0;224818.0;8.8;Высокая прибыль;97302;0.0;4.0;звонки были;2-;;Жиганов Василий;Жиганов Василий;Trade-In;81.0;2130100.0;20000.0;2389000.0;1;Жиганов Василий;Жиганов Василий;1;1;False;True;False;False;False;True;False;False;False;False;False;False;False;False;2;Низкий;ниже рынка
XWERH81DDN0008810;Avangard Приморский;Kia;Sorento;2022;102455;Среднее (C);C;True;3–5 млн ₽;21.0;17.0;3490000.0;93.0;;;;;;2881100.0;77.0;608900.0;17.0;391591.0;11.2;Высокая прибыль;72820;1.0;1.0;звонки были;4+;14;Жиганов Василий;Жиганов Василий;Trade-In;76.0;2900000.0;20000.0;3244444.0;1;Жиганов Василий;Жиганов Василий;1;1;False;True;False;False;False;True;False;False;False;False;False;False;False;False;2;Низкий;ниже рынка
XWEH5816BN0013215;Avangard Приморский;Kia;Ceed;2021;131665;Среднее (C);C;True;1–2 млн ₽;85.0;64.0;1665000.0;89.0;;;;;;1330369.0;71.0;334631.0;20.0;109003.0;6.5;Высокая прибыль;102391;3.0;13.0;звонки были;3-;35;Тронягин Кирилл;Тронягин Кирилл;Trade-In на новый;74.0;1400000.0;20000.0;1713000.0;1;Тронягин Кирилл;Тронягин Кирилл;1;1;False;True;False;False;False;True;True;False;False;False;False;False;False;False;3;Средний;"ниже рынка; ниже 90% рынка"
WMWSR31050T293680;Avangard Приморский;Mini;Hatch;2012;115025;Среднее (C);C;True;<1 млн ₽;46.0;42.0;920000.0;105.0;;;;;;722100.0;82.0;197900.0;22.0;95941.0;10.4;Высокая прибыль;152879;4.0;19.0;звонки были;2+;20;Жиганов Василий;Жиганов Василий;Trade-In;62.0;675700.0;20000.0;773000.0;1;Жиганов Василий;Жиганов Василий;1;1;False;True;False;False;False;False;False;False;False;False;False;False;False;False;0;Низкий;
SJNFBAF15U6510983;Avangard Приморский;Nissan;Juke;2014;217736;Среднее (C);C;True;<1 млн ₽;60.0;54.0;745000.0;78.0;;;;;;637204.0;66.0;107796.0;14.0;29598.0;4.0;Низкая прибыль;137979;1.0;4.0;звонки были;4-;32;Параничев Андрей;Битюцких Дмитрий;Trade-In на новый;80.0;614500.0;20000.0;705000.0;1;Параничев Андрей;Битюцких Дмитрий;1;1;False;True;False;False;False;True;True;True;False;False;False;False;False;False;5;Средний;"ниже рынка; ниже 90% рынка; ниже 80% рынка"
Z94CU41CADR219139;Avangard Приморский;Hyundai;Solaris;2013;150359;Плохое (D);D;True;<1 млн ₽;15.0;0.0;400000.0;61.0;;;;;;378470.0;58.0;21530.0;5.0;10620.0;2.7;Низкая прибыль;247813;;;нет данных;3;38;Жиганов Василий;Жиганов Василий;Trade-In;69.0;450000.0;20000.0;522222.0;1;Жиганов Василий;Жиганов Василий;1;1;False;True;True;False;True;True;True;True;True;False;False;False;False;False;10;Критический;"без публикации; нет данных по звонкам; ниже рынка; ниже 90% рынка; ниже 80% рынка; ниже рынка ≤7 дней"
Z6F5XXEEC5HR34764;Avangard Приморский;Ford;Focus;2017;126579;Плохое (D);D;True;<1 млн ₽;8.0;0.0;600000.0;61.0;638297.8723404256;94.0;94.0;-38297.872340425616;-6.0;509000.0;52.0;91000.0;15.0;60272.0;10.0;Высокая прибыль;167566;;;нет данных;3;23;Вырышев Максим;Вырышев Максим;Trade-In на новый;49.0;550000.0;20000.0;633333.0;1;Вырышев Максим;Вырышев Максим;1;1;True;True;True;False;True;True;True;True;True;True;True;False;False;False;14;Критический;"без публикации; нет данных по звонкам; ниже рынка; ниже 90% рынка; ниже 80% рынка; ниже рынка ≤7 дней; ниже МЦП; ниже 95% МЦП"
Z8NFBNJ11ES104194;Avangard Приморский;Nissan;Qashqai;2020;96700;Среднее (C);C;True;1–2 млн ₽;59.0;52.0;1997000.0;93.0;;;;;;1851100.0;87.0;145900.0;7.0;4650.0;0.2;Убыток;93370;2.0;8.0;звонки были;4-;25;Бойцов Иван;Бойцов Иван;Trade-In на новый;83.0;1859200.0;20000.0;2088000.0;1;Бойцов Иван;Бойцов Иван;1;1;False;True;False;False;False;True;False;False;False;False;False;False;False;False;2;Низкий;ниже рынка
XWEJ381UBL0006449;Avangard Приморский;Kia;Soul;2019;95350;Хорошее (B);B;True;1–2 млн ₽;16.0;11.0;1825000.0;99.0;;;;;;1427400.0;78.0;397600.0;22.0;255656.0;14.0;Высокая прибыль;89334;8.0;8.0;звонки были;4-;27;Жиганов Василий;Жиганов Василий;Trade-In;81.0;1483900.0;20000.0;1671000.0;1;Жиганов Василий;Жиганов Василий;1;1;False;True;False;False;False;True;False;False;False;False;False;False;False;False;2;Низкий;ниже рынка
1HGRW6870JL512238;Avangard Приморский;Honda;CR-V;2018;97871;Плохое (D);D;True;2–3 млн ₽;33.0;0.0;2100000.0;80.0;;;;;;1945812.0;74.0;154188.0;7.0;69792.0;3.3;Низкая прибыль;161766;;;нет данных;4-;16;Тронягин Кирилл;Тронягин Кирилл;Trade-In на новый;82.0;2300000.0;20000.0;2577778.0;1;Тронягин Кирилл;Тронягин Кирилл;1;1;False;True;True;False;True;True;True;False;True;False;False;False;False;False;8;Высокий;"без публикации; нет данных по звонкам; ниже рынка; ниже 90% рынка; ниже рынка ≤7 дней"
KMJWA37JBAU240854;Avangard Приморский;Hyundai;Grand Starex;2010;270383;Плохое (D);D;True;<1 млн ₽;8.0;0.0;790000.0;65.0;;;;;;709000.0;58.0;81000.0;10.0;52362.0;6.6;Средняя прибыль;238039;;;нет данных;3+;27;Параничев Андрей;Параничев Андрей;Trade-In на новый;70.0;800000.0;20000.0;911111.0;1;Параничев Андрей;Параничев Андрей;1;1;False;True;True;False;True;True;True;True;True;False;False;False;False;False;10;Критический;"без публикации; нет данных по звонкам; ниже рынка; ниже 90% рынка; ниже 80% рынка; ниже рынка ≤7 дней"
XWEPH81BDG0003518;Avangard Приморский;Kia;Sorento;2016;286878;Среднее (C);C;True;1–2 млн ₽;26.0;13.0;1930000.0;100.0;;;;;;1443900.0;75.0;486100.0;25.0;310515.0;16.1;Высокая прибыль;180240;1.0;1.0;звонки были;3+;19;Вырышев Максим;Вырышев Максим;Trade-In на новый;73.0;1450000.0;20000.0;1633333.0;1;Вырышев Максим;Вырышев Максим;1;1;False;True;False;False;False;False;False;False;False;False;False;False;False;False;0;Низкий;
LFPH4CPP7R1K15104;Avangard Приморский;Hongqi;HS3;2024;7229;Хорошее (B);B;True;3–5 млн ₽;46.0;38.0;3050000.0;101.0;;;;;;2594300.0;86.0;455700.0;15.0;219752.0;7.2;Высокая прибыль;18507;3.0;14.0;звонки были;;;Вырышев Максим;Вырышев Максим;Trade-In на новый;87.0;2600000.0;20000.0;2911111.0;1;Вырышев Максим;Вырышев Максим;1;1;False;True;False;False;False;False;False;False;False;False;False;False;False;False;0;Низкий;
Y4K8722D4RB306505;Avangard Приморский;Geely;Atlas Pro;2024;11041;Отличное (A);A;True;2–3 млн ₽;41.0;31.0;2445000.0;98.0;;;;;;2128900.0;85.0;316100.0;13.0;146501.0;6.0;Средняя прибыль;47786;2.0;9.0;звонки были;4+;15;Бойцов Иван;Бойцов Иван;Trade-In на новый;83.0;2100000.0;20000.0;2355556.0;1;Бойцов Иван;Бойцов Иван;1;1;False;True;False;False;False;True;False;False;False;False;False;False;False;False;2;Низкий;ниже рынка
XWEJ381ADL0002755;Avangard Приморский;Hyundai;Tucson;2019;107655;Среднее (C);C;True;2–3 млн ₽;27.0;16.0;2350000.0;90.0;;;;;;2037900.0;78.0;312100.0;13.0;176337.0;7.5;Высокая прибыль;142948;1.0;1.0;звонки были;2;;Бойцов Иван;Бойцов Иван;Trade-In на новый;79.0;2015000.0;20000.0;2261111.0;1;Бойцов Иван;Бойцов Иван;1;1;False;True;False;False;False;True;False;False;False;False;False;False;False;False;2;Низкий;ниже рынка
XUFTA69EJEN031461;Avangard Приморский;Chevrolet;Aveo;2014;122030;Хорошее (B);B;True;<1 млн ₽;14.0;0.0;715000.0;96.0;;;;;;519000.0;70.0;196000.0;27.0;132372.0;18.5;Высокая прибыль;164875;;;нет данных;4;21;Жиганов Василий;Жиганов Василий;Trade-In;78.0;500000.0;20000.0;577778.0;1;Жиганов Василий;Жиганов Василий;1;1;False;True;True;False;True;True;False;False;True;False;False;False;False;False;7;Высокий;"без публикации; нет данных по звонкам; ниже рынка; ниже рынка ≤7 дней"
XW8ZZZ5NZKG224449;Avangard Приморский;Volkswagen;Tiguan;2019;160378;Хорошее (B);B;True;2–3 млн ₽;59.0;50.0;2290000.0;85.0;;;;;;1901100.0;71.0;388900.0;17.0;169479.0;7.4;Высокая прибыль;127952;2.0;6.0;звонки были;4+;24;Жиганов Василий;Жиганов Василий;Trade-In;75.0;1950000.0;20000.0;2188889.0;1;Жиганов Василий;Жиганов Василий;1;1;False;True;False;False;False;True;True;False;False;False;False;False;False;False;3;Средний;"ниже рынка; ниже 90% рынка"
Y4K8742Z4KB305609;Avangard Приморский;Geely;Atlas;2019;50386;Хорошее (B);B;True;1–2 млн ₽;16.0;10.0;1530000.0;94.0;;;;;;1221100.0;75.0;308900.0;20.0;199244.0;13.0;Высокая прибыль;105965;2.0;2.0;звонки были;1-;;Тронягин Кирилл;Тронягин Кирилл;Trade-In на новый;75.0;1200000.0;20000.0;1500000.0;1;Тронягин Кирилл;Тронягин Кирилл;1;1;False;True;False;False;False;True;False;False;False;False;False;False;False;False;2;Низкий;ниже рынка
YV1CR3056E1680315;Avangard Приморский;Volvo;XC90;2013;204500;Среднее (C);C;True;1–2 млн ₽;13.0;7.0;1958000.0;96.0;;;;;;1521100.0;75.0;436900.0;22.0;289141.0;14.8;Высокая прибыль;237231;2.0;2.0;звонки были;3;23;Бойцов Иван;Бойцов Иван;Trade-In на новый;81.0;1500000.0;20000.0;1688889.0;1;Бойцов Иван;Бойцов Иван;1;1;False;True;False;False;False;True;False;False;True;False;False;False;False;False;4;Средний;"ниже рынка; ниже рынка ≤7 дней"
SALVA2BN5JH296880;Avangard Приморский;Land Rover;Range Rover Evoque;2018;175042;Среднее (C);C;True;1–2 млн ₽;105.0;98.0;1970000.0;83.0;;;;;;1725400.0;73.0;244600.0;12.0;-19662.0;-1.0;Убыток;115174;5.0;22.0;звонки были;2;54;Вырышев Максим;Вырышев Максим;Trade-In на новый;76.0;1700000.0;20000.0;2004000.0;1;Вырышев Максим;Вырышев Максим;1;1;False;True;False;False;False;True;True;False;False;False;False;False;True;False;5;Средний;"ниже рынка; ниже 90% рынка; GM2<0"
JSAJTD54V00673001;Avangard Приморский;Suzuki;Grand Vitara;2012;132650;Среднее (C);C;True;1–2 млн ₽;40.0;33.0;1158000.0;83.0;;;;;;854776.0;61.0;303224.0;26.0;162002.0;14.0;Высокая прибыль;162440;10.0;22.0;звонки были;1+;;;;;;;;;0;;;1;1;False;False;False;False;False;True;True;False;False;False;False;False;False;False;3;Средний;"ниже рынка; ниже 90% рынка"
SALVA2BD6FH972073;Avangard Приморский;Land Rover;Range Rover Evoque;2014;170250;Не указано;Не указано;True;1–2 млн ₽;72.0;59.0;1740000.0;80.0;;;;;;1512100.0;70.0;227900.0;13.0;47230.0;2.7;Низкая прибыль;166524;4.0;15.0;звонки были;3;24;Жиганов Василий;Жиганов Василий;Trade-In;70.0;1500000.0;20000.0;1688889.0;1;Жиганов Василий;Жиганов Василий;1;1;False;True;False;False;False;True;True;False;False;False;False;False;False;False;3;Средний;"ниже рынка; ниже 90% рынка"
LSCBBZ2A9RG902136;Avangard Приморский;Changan;Hunter Plus;2024;22267;Хорошее (B);B;True;2–3 млн ₽;25.0;17.0;2718000.0;96.0;;;;;;2371100.0;84.0;346900.0;13.0;198826.0;7.3;Высокая прибыль;49819;7.0;7.0;звонки были;1-;;Вырышев Максим;Вырышев Максим;Trade-In на новый;85.0;2350000.0;20000.0;2633333.0;1;Вырышев Максим;Вырышев Максим;1;1;False;True;False;False;False;True;False;False;False;False;False;False;False;False;2;Низкий;ниже рынка
SJNFCAK12U3082091;Avangard Приморский;Nissan;Micra;2008;105143;Среднее (C);C;True;<1 млн ₽;15.0;8.0;645000.0;100.0;;;;;;393264.0;61.0;251736.0;39.0;166349.0;25.8;Высокая прибыль;204370;2.0;2.0;звонки были;4-;14;Вырышев Максим;Вырышев Максим;Trade-In на новый;65.0;400000.0;20000.0;466667.0;1;Вырышев Максим;Вырышев Максим;1;1;False;True;False;False;False;False;False;False;False;False;False;False;False;False;0;Низкий;
WAUZZZFY5L2084966;Avangard Приморский;Audi;Q5;2020;76785;Среднее (C);C;True;3–5 млн ₽;47.0;39.0;3299000.0;83.0;;;;;;3001100.0;76.0;297900.0;9.0;90994.0;2.8;Низкая прибыль;99736;3.0;9.0;звонки были;4-;21;Вырышев Максим;Вырышев Максим;Trade-In на БУ;75.0;3000000.0;20000.0;3355556.0;1;Вырышев Максим;Вырышев Максим;1;1;False;True;False;False;False;True;True;False;False;False;False;False;False;False;3;Средний;"ниже рынка; ниже 90% рынка"
Z94G2813BLR220982;Avangard Приморский;Hyundai;Creta;2019;106700;Среднее (C);C;True;1–2 млн ₽;36.0;29.0;1595000.0;88.0;;;;;;1224170.0;67.0;370830.0;23.0;205350.0;12.9;Высокая прибыль;114565;4.0;8.0;звонки были;4+;18;Бойцов Иван;Бойцов Иван;Trade-In на новый;77.0;1400000.0;20000.0;1577778.0;1;Бойцов Иван;Бойцов Иван;1;1;False;True;False;False;False;True;True;False;False;False;False;False;False;False;3;Средний;"ниже рынка; ниже 90% рынка"
Z94CB41BBGR366754;Avangard Приморский;Kia;Rio;2016;144800;Хорошее (B);B;True;<1 млн ₽;25.0;8.0;990000.0;95.0;;;;;;852100.0;82.0;137900.0;14.0;80193.0;8.1;Высокая прибыль;183115;2.0;2.0;звонки были;4;33;Жиганов Василий;Жиганов Василий;Trade-In;81.0;824200.0;20000.0;938000.0;1;Жиганов Василий;Жиганов Василий;1;1;False;True;False;False;False;True;False;False;False;False;False;False;False;False;2;Низкий;ниже рынка
XW8ED45J2DK553122;Avangard Приморский;Skoda;Fabia;2012;126322;Среднее (C);C;True;<1 млн ₽;36.0;28.0;690000.0;88.0;;;;;;466000.0;59.0;224000.0;32.0;129875.0;18.8;Высокая прибыль;145543;5.0;6.0;звонки были;4;19;Вырышев Максим;Вырышев Максим;Trade-In на новый;63.0;475000.0;20000.0;550000.0;1;Вырышев Максим;Вырышев Максим;1;1;False;True;False;False;False;True;True;False;False;False;False;False;False;False;3;Средний;"ниже рынка; ниже 90% рынка"
XWEB3512BL0009997;Avangard Приморский;Kia;Picanto;2020;20302;Среднее (C);C;True;1–2 млн ₽;33.0;26.0;1471000.0;92.0;;;;;;1092900.0;68.0;378100.0;26.0;228553.0;15.5;Высокая прибыль;72150;0.0;4.0;звонки были;3+;15;Бойцов Иван;Бойцов Иван;Trade-In на новый;75.0;1070000.0;20000.0;1211111.0;1;Бойцов Иван;Бойцов Иван;1;1;False;True;False;False;False;True;False;False;False;False;False;False;False;False;2;Низкий;ниже рынка
XWEKU811DFC009490;Avangard Приморский;Kia;Sorento;2015;130663;Среднее (C);C;True;1–2 млн ₽;66.0;52.0;1629000.0;86.0;;;;;;1125600.0;60.0;503400.0;31.0;254642.0;15.6;Высокая прибыль;174042;5.0;17.0;звонки были;4;16;Симаньков Артем;Симаньков Артем;Trade-In на новый;68.0;1200000.0;20000.0;1355556.0;1;Симаньков Артем;Симаньков Артем;1;1;False;True;False;False;False;True;True;False;False;False;False;False;False;False;3;Средний;"ниже рынка; ниже 90% рынка"
XW8ZZZCKZNG001599;Avangard Приморский;Volkswagen;Polo;2021;69158;Хорошее (B);B;True;1–2 млн ₽;15.0;7.0;1595000.0;95.0;;;;;;1362900.0;81.0;232100.0;15.0;142232.0;8.9;Высокая прибыль;94313;2.0;2.0;звонки были;4+;24;Вырышев Максим;Вырышев Максим;Trade-In на новый;83.0;1360000.0;20000.0;1533333.0;1;Вырышев Максим;Вырышев Максим;1;1;False;True;False;False;False;True;False;False;True;False;False;False;False;False;4;Средний;"ниже рынка; ниже рынка ≤7 дней"
Z6FBXXESWBFS34978;Avangard Приморский;Ford;Explorer;2015;118740;Среднее (C);C;True;2–3 млн ₽;10.0;1.0;2057000.0;97.0;;;;;;1589000.0;75.0;468000.0;23.0;318953.0;15.5;Высокая прибыль;192679;;;нет данных;3+;23;Вырышев Максим;Вырышев Максим;Trade-In на новый;75.0;1600000.0;20000.0;1744444.0;1;Вырышев Максим;Вырышев Максим;1;1;False;True;False;False;True;True;False;False;True;False;False;False;False;False;4;Средний;"нет данных по звонкам; ниже рынка; ниже рынка ≤7 дней"
XWFGT5GT1E0000157;Avangard Приморский;Opel;Insignia;2013;210390;Плохое (D);D;True;<1 млн ₽;23.0;0.0;645000.0;64.0;;;;;;584000.0;58.0;61000.0;9.0;34043.0;5.3;Средняя прибыль;188300;;;нет данных;2;34;Вырышев Максим;Вырышев Максим;Trade-In на новый;52.0;600000.0;20000.0;688889.0;1;Вырышев Максим;Вырышев Максим;1;1;False;True;True;False;True;True;True;True;True;False;False;False;False;False;10;Критический;"без публикации; нет данных по звонкам; ниже рынка; ниже 90% рынка; ниже 80% рынка; ниже рынка ≤7 дней"
LS4ASE2E9PA317415;Avangard Приморский;Changan;CS55 Plus;2023;46888;Хорошее (B);B;True;1–2 млн ₽;35.0;26.0;1954000.0;93.0;;;;;;1708200.0;81.0;245800.0;13.0;118043.0;6.0;Средняя прибыль;53273;1.0;1.0;звонки были;3-;;Параничев Андрей;Параничев Андрей;Trade-In на новый;85.0;1667500.0;20000.0;1875000.0;1;Параничев Андрей;Параничев Андрей;1;1;False;True;False;False;False;True;False;False;False;False;False;False;False;False;2;Низкий;ниже рынка
LS4ASE2A4PJ104353;Avangard Приморский;Changan;CS95;2023;48876;Хорошее (B);B;True;2–3 млн ₽;47.0;33.0;2741000.0;91.0;;;;;;2611661.0;87.0;129339.0;5.0;-11434.0;-0.4;Убыток;43980;3.0;5.0;звонки были;3-;20;Жиганов Василий;Жиганов Василий;Trade-In;87.0;2500000.0;20000.0;2800000.0;1;Жиганов Василий;Жиганов Василий;1;1;False;True;False;False;False;True;False;False;False;False;False;False;True;False;4;Средний;"ниже рынка; GM2<0"
L6T7852DXPD066273;Avangard Приморский;Geely;Tugella;2023;56449;Среднее (C);C;True;2–3 млн ₽;101.0;100.0;2915000.0;99.0;;;;;;3021100.0;102.0;-106100.0;-4.0;-317929.0;-10.9;Убыток;49508;0.0;5.0;звонки были;4;22;Вырышев Максим;Вырышев Максим;Trade-In на новый;89.0;2700000.0;20000.0;3022222.0;1;Вырышев Максим;Вырышев Максим;1;1;False;True;False;False;False;True;False;False;False;False;False;False;True;False;4;Средний;"ниже рынка; GM2<0"
Z94C351BBMR132521;Avangard Приморский;Kia;Rio;2021;67500;Хорошее (B);B;True;1–2 млн ₽;49.0;39.0;1669000.0;90.0;;;;;;1350600.0;73.0;318400.0;19.0;150843.0;9.0;Высокая прибыль;77901;3.0;11.0;звонки были;4;18;Симаньков Артем;Симаньков Артем;Trade-In на новый;81.0;1443400.0;20000.0;1626000.0;1;Симаньков Артем;Симаньков Артем;1;1;False;True;False;False;False;True;False;False;False;False;False;False;False;False;2;Низкий;ниже рынка
Y4K8722D1NB301661;Avangard Приморский;Geely;Atlas Pro;2022;51300;Хорошее (B);B;True;1–2 млн ₽;22.0;12.0;1972000.0;96.0;;;;;;1621100.0;79.0;350900.0;18.0;217725.0;11.0;Высокая прибыль;70707;1.0;1.0;звонки были;4+;16;;;;;;;;0;;;1;1;False;False;False;False;False;True;False;False;False;False;False;False;False;False;2;Низкий;ниже рынка
Z8NTANZ52GS005987;Avangard Приморский;Nissan;Murano;2018;83150;Хорошее (B);B;True;2–3 млн ₽;16.0;5.0;2790000.0;106.0;;;;;;2236615.0;85.0;553385.0;20.0;362241.0;13.0;Высокая прибыль;116744;3.0;3.0;звонки были;3;23;Параничев Андрей;Параничев Андрей;Trade-In на новый;80.0;2213800.0;20000.0;2482000.0;1;Параничев Андрей;Параничев Андрей;1;1;False;True;False;False;False;False;False;False;False;False;False;False;False;False;0;Низкий;
WDC2511221A149889;Avangard Приморский;Mercedes-Benz;R-Класс;2012;305521;Среднее (C);C;True;1–2 млн ₽;53.0;0.0;1040000.0;56.0;;;;;;1035390.0;56.0;4610.0;0.0;-27725.0;-2.7;Убыток;312245;;;нет данных;1-;;Жиганов Василий;Жиганов Василий;Trade-In;73.0;1050000.0;20000.0;1188889.0;1;Жиганов Василий;Жиганов Василий;1;1;False;True;True;False;True;True;True;True;True;False;False;False;True;False;12;Критический;"без публикации; нет данных по звонкам; ниже рынка; ниже 90% рынка; ниже 80% рынка; ниже рынка ≤7 дней; GM2<0"
XWEMB81ADN0000212;Avangard Приморский;Genesis;GV70;2021;105091;Среднее (C);C;True;3–5 млн ₽;28.0;16.0;4479000.0;99.0;;;;;;3321100.0;73.0;1157900.0;26.0;750055.0;16.7;Высокая прибыль;73772;2.0;2.0;звонки были;2+;27;;;;;;;;0;;;1;1;False;False;False;False;False;True;False;False;False;False;False;False;False;False;2;Низкий;ниже рынка
XZGFF06A8PA625096;Avangard Приморский;Haval;F7x;2023;44750;Среднее (C);C;True;2–3 млн ₽;46.0;46.0;2177000.0;92.0;;;;;;1893400.0;80.0;283600.0;13.0;110729.0;5.1;Средняя прибыль;48813;5.0;9.0;звонки были;4;19;Бойцов Иван;Бойцов Иван;Trade-In на новый;80.0;1850000.0;20000.0;2077778.0;1;Бойцов Иван;Бойцов Иван;1;1;False;True;False;False;False;True;False;False;False;False;False;False;False;False;2;Низкий;ниже рынка
X9FLXXEEBLCY62283;Avangard Приморский;Ford;Focus;2012;246768;Плохое (D);D;True;<1 млн ₽;23.0;0.0;390000.0;52.0;;;;;;359000.0;48.0;31000.0;8.0;15779.0;4.0;Низкая прибыль;230466;;;нет данных;3;22;Параничев Андрей;Параничев Андрей;Trade-In на новый;72.0;484900.0;20000.0;561000.0;1;Параничев Андрей;Параничев Андрей;1;1;False;True;True;False;True;True;True;True;True;False;False;False;False;False;10;Критический;"без публикации; нет данных по звонкам; ниже рынка; ниже 90% рынка; ниже 80% рынка; ниже рынка ≤7 дней"
Y4K8622Z4MB911342;Avangard Приморский;Geely;Coolray;2021;138357;Среднее (C);C;True;1–2 млн ₽;43.0;31.0;1388000.0;90.0;;;;;;1031700.0;67.0;356300.0;26.0;192777.0;13.9;Высокая прибыль;76847;3.0;6.0;звонки были;4+;22;Жиганов Василий;Жиганов Василий;Trade-In;81.0;1100000.0;20000.0;1244444.0;1;Жиганов Василий;Жиганов Василий;1;1;False;True;False;False;False;True;False;False;False;False;False;False;False;False;2;Низкий;ниже рынка
Z6FDXXEECDGA14209;Avangard Приморский;Ford;Mondeo;2016;66494;Среднее (C);C;True;1–2 млн ₽;37.0;34.0;1589000.0;96.0;;;;;;1183618.0;72.0;405382.0;26.0;220171.0;13.9;Высокая прибыль;179876;25.0;36.0;звонки были;3;38;;;;;;;;0;;;1;1;False;False;False;False;False;True;False;False;False;False;False;False;False;False;2;Низкий;ниже рынка
LB37852D6PS210143;Avangard Приморский;Geely;Monjaro;2023;32956;Отличное (A);A;True;3–5 млн ₽;25.0;26.0;3450000.0;99.0;;;;;;;;;;;;;46095;1.0;1.0;звонки были;5-;17;;;;;;;;0;;;1;1;False;False;False;False;False;True;False;False;False;False;False;False;False;False;2;Низкий;ниже рынка
LB3F31039RG042467;Avangard Приморский;Geely;Emgrand;2024;8800;Отличное (A);A;True;1–2 млн ₽;42.0;43.0;1749000.0;93.0;;;;;;;;;;;;;46720;1.0;2.0;звонки были;2-;;;;;;;;;0;;;1;1;False;False;False;False;False;True;False;False;False;False;False;False;False;False;2;Низкий;ниже рынка
LB3FX1S66PB096654;Avangard Приморский;Geely;Atlas;2023;13753;Отличное (A);A;True;3–5 млн ₽;40.0;41.0;3049990.0;102.0;;;;;;;;;;;;;37736;0.0;1.0;звонки были;4+;15;;;;;;;;0;;;1;1;False;False;False;False;False;False;False;False;False;False;False;False;False;False;0;Низкий;
XW8AT2NH8LK114363;Avangard Приморский;Skoda;Rapid;2019;202802;Среднее (C);C;True;1–2 млн ₽;40.0;36.0;1100000.0;96.0;;;;;;871100.0;76.0;228900.0;21.0;121182.0;11.0;Высокая прибыль;94658;1.0;3.0;звонки были;4+;18;Бойцов Иван;Бойцов Иван;Trade-In на новый;82.0;900000.0;20000.0;1022222.0;1;Бойцов Иван;Бойцов Иван;1;1;False;True;False;False;False;True;False;False;False;False;False;False;False;False;2;Низкий;ниже рынка
LMELBL1P2NRC09415;Avangard Приморский;Skywell;ET5;2023;40;Отличное (A);A;True;2–3 млн ₽;29.0;29.0;2490000.0;97.0;;;;;;;;;;;;;29196;0.0;2.0;звонки были;1+;;;;;;;;;0;;;1;1;False;False;False;False;False;True;False;False;False;False;False;False;False;False;2;Низкий;ниже рынка
XW7R13FV80S022768;Avangard Приморский;Toyota;RAV4;2021;87549;Хорошее (B);B;True;3–5 млн ₽;60.0;56.0;3496000.0;90.0;;;;;;3005355.0;77.0;490645.0;14.0;183655.0;5.3;Средняя прибыль;98967;4.0;18.0;звонки были;4;14;;;;;;;;0;;;1;1;False;False;False;False;False;True;False;False;False;False;False;False;False;False;2;Низкий;ниже рынка
SJNFAAJ10U2694312;Avangard Приморский;Nissan;Qashqai;2012;140806;Хорошее (B);B;True;<1 млн ₽;40.0;24.0;875000.0;85.0;;;;;;722900.0;70.0;152100.0;17.0;78562.0;9.0;Высокая прибыль;165852;1.0;2.0;звонки были;3;38;Параничев Андрей;Параничев Андрей;Trade-In на новый;82.0;765840.0;20000.0;893000.0;1;Параничев Андрей;Параничев Андрей;1;1;False;True;False;False;False;True;True;False;False;False;False;False;False;False;3;Средний;"ниже рынка; ниже 90% рынка"
WAUZZZF45MN005390;Avangard Приморский;Audi;A4;2020;154621;Отличное (A);A;True;2–3 млн ₽;25.0;22.0;2795000.0;98.0;;;;;;2275400.0;80.0;519600.0;19.0;317240.0;11.4;Высокая прибыль;68281;0.0;0.0;0 звонков;1;;Вырышев Максим;Вырышев Максим;Trade-In на новый;90.0;2250000.0;20000.0;2522222.0;1;Вырышев Максим;Вырышев Максим;1;1;False;True;False;True;False;True;False;False;False;False;False;False;False;False;4;Средний;"0 звонков; ниже рынка"
SJNFBAJ11U1147493;Avangard Приморский;Nissan;Qashqai;2014;112943;Среднее (C);C;True;1–2 млн ₽;39.0;35.0;1282000.0;87.0;;;;;;972900.0;66.0;309100.0;24.0;170711.0;13.3;Высокая прибыль;170901;1.0;3.0;звонки были;3+;29;Вырышев Максим;Вырышев Максим;Trade-In на новый;67.0;970000.0;20000.0;1133333.0;1;Вырышев Максим;Вырышев Максим;1;1;False;True;False;False;False;True;True;False;False;False;False;False;False;False;3;Средний;"ниже рынка; ниже 90% рынка"
XZGFE04A5NA827588;Avangard Приморский;Haval;Jolion;2022;25195;Хорошее (B);B;True;1–2 млн ₽;33.0;27.0;1895000.0;104.0;;;;;;1571100.0;86.0;323900.0;17.0;177796.0;9.4;Высокая прибыль;53738;1.0;2.0;звонки были;4+;14;Симаньков Артем;Симаньков Артем;Trade-In на БУ;77.0;1519900.0;20000.0;1711000.0;1;Симаньков Артем;Симаньков Артем;1;1;False;True;False;False;False;False;False;False;False;False;False;False;False;False;0;Низкий;
TSMLYD21S00512153;Avangard Приморский;Suzuki;Vitara;2018;179894;Не указано;Не указано;True;1–2 млн ₽;44.0;37.0;1253000.0;98.0;;;;;;1122900.0;88.0;130100.0;10.0;44388.0;3.5;Низкая прибыль;124146;0.0;1.0;звонки были;;;;;;;;;;0;;;1;1;False;False;False;False;False;True;False;False;False;False;False;False;False;False;2;Низкий;ниже рынка
KMHJF31JPPU294944;Avangard Приморский;Hyundai;Lantra;1993;194196;Не указано;Не указано;True;<1 млн ₽;25.0;0.0;80000.0;114.0;;;;;;1.0;0.0;79999.0;100.0;56266.0;70.3;Высокая прибыль;210000;;;нет данных;;;Жиганов Василий;Жиганов Василий;Trade-In;81.0;55600.0;20000.0;84000.0;1;Жиганов Василий;Жиганов Василий;1;1;False;True;True;False;True;False;False;False;False;False;False;False;False;False;3;Средний;"без публикации; нет данных по звонкам"
XWEGU413BH0001778;Avangard Приморский;Kia;Optima;2017;188012;Среднее (C);C;True;1–2 млн ₽;48.0;40.0;1499000.0;88.0;;;;;;1120570.0;66.0;378430.0;25.0;207182.0;13.8;Высокая прибыль;159298;2.0;3.0;звонки были;3;43;Бойцов Иван;Бойцов Иван;Trade-In на новый;71.0;1200000.0;20000.0;1355556.0;1;Бойцов Иван;Бойцов Иван;1;1;False;True;False;False;False;True;True;False;False;False;False;False;False;False;3;Средний;"ниже рынка; ниже 90% рынка"
WME4533421K316927;Avangard Приморский;Smart;Fortwo;2018;59998;Среднее (C);C;True;1–2 млн ₽;19.0;15.0;1090000.0;95.0;;;;;;747100.0;65.0;342900.0;31.0;221897.0;20.4;Высокая прибыль;106193;1.0;2.0;звонки были;3;15;Жиганов Василий;Жиганов Василий;Trade-In;81.0;824200.0;20000.0;938000.0;1;Жиганов Василий;Жиганов Василий;1;1;False;True;False;False;False;True;False;False;False;False;False;False;False;False;2;Низкий;ниже рынка
XTA111930B0162745;Avangard Приморский;Lada (ВАЗ);Kalina;2011;40462;Среднее (C);C;True;<1 млн ₽;26.0;0.0;255000.0;81.0;;;;;;221090.0;70.0;33910.0;13.0;17185.0;6.7;Высокая прибыль;171315;;;нет данных;4-;26;Бойцов Иван;Бойцов Иван;Trade-In на новый;70.0;200000.0;20000.0;244444.0;1;Бойцов Иван;Бойцов Иван;1;1;False;True;True;False;True;True;True;False;True;False;False;False;False;False;8;Высокий;"без публикации; нет данных по звонкам; ниже рынка; ниже 90% рынка; ниже рынка ≤7 дней"
JMZBL14Z501267363;Avangard Приморский;Mazda;3;2011;238456;Хорошее (B);B;True;<1 млн ₽;63.0;43.0;712000.0;92.0;;;;;;570933.0;73.0;141067.0;20.0;59231.0;8.3;Высокая прибыль;211239;0.0;2.0;звонки были;3+;31;Вырышев Максим;Вырышев Максим;Trade-In на новый;82.0;600000.0;20000.0;684000.0;1;Вырышев Максим;Вырышев Максим;1;1;False;True;False;False;False;True;False;False;False;False;False;False;False;False;2;Низкий;ниже рынка
X4X5C394X0D433616;Avangard Приморский;BMW;5 серии;2014;163921;Среднее (C);C;True;1–2 млн ₽;32.0;29.0;1940000.0;98.0;;;;;;1324500.0;67.0;615500.0;32.0;386873.0;19.9;Высокая прибыль;255388;0.0;0.0;0 звонков;3+;31;Вырышев Максим;Вырышев Максим;Trade-In на новый;64.0;1300000.0;20000.0;1466667.0;1;Вырышев Максим;Вырышев Максим;1;1;False;True;False;True;False;True;False;False;False;False;False;False;False;False;4;Средний;"0 звонков; ниже рынка"
SJNFBAF15U6395207;Avangard Приморский;Nissan;Juke;2013;138763;Среднее (C);C;True;<1 млн ₽;84.0;78.0;768000.0;75.0;;;;;;722900.0;71.0;45100.0;6.0;-42832.0;-5.6;Убыток;144055;2.0;9.0;звонки были;4-;35;Симаньков Артем;Кауров Андрей;Trade-In на БУ;81.0;777400.0;20000.0;886000.0;1;Симаньков Артем;Кауров Андрей;1;1;False;True;False;False;False;True;True;True;False;False;False;False;True;False;7;Высокий;"ниже рынка; ниже 90% рынка; ниже 80% рынка; GM2<0"
X7LASREA762554518;Avangard Приморский;Renault;Kaptur;2019;162833;Хорошее (B);B;True;1–2 млн ₽;50.0;48.0;1040000.0;95.0;;;;;;813900.0;74.0;226100.0;22.0;101788.0;9.8;Высокая прибыль;112757;4.0;6.0;звонки были;4+;25;;;;;;;;0;;;1;1;False;False;False;False;False;True;False;False;False;False;False;False;False;False;2;Низкий;ниже рынка
Z6F5XXEEC5JB58933;Avangard Приморский;Ford;Focus;2018;169456;Хорошее (B);B;True;<1 млн ₽;86.0;77.0;878000.0;83.0;905154.6391752578;97.0;97.0;-27154.639175257762;-3.0;679839.0;64.0;198161.0;23.0;60865.0;6.9;Высокая прибыль;130007;0.0;4.0;звонки были;3+;23;;;;;;;;0;;;1;1;True;False;False;False;False;True;True;False;False;True;False;False;False;False;6;Высокий;"ниже рынка; ниже 90% рынка; ниже МЦП"
Z8NFBNJ11ES132883;Avangard Приморский;Nissan;Qashqai;2021;119100;Среднее (C);C;True;1–2 млн ₽;137.0;130.0;1821000.0;83.0;1896875.0;96.0;96.0;-75875.0;-4.0;1575450.0;72.0;245550.0;13.0;-54094.0;-3.0;Убыток;97295;0.0;25.0;звонки были;3;19;Параничев Андрей;Параничев Андрей;Trade-In на новый;80.0;1717000.0;20000.0;1930000.0;2;Параничев Андрей;Параничев Андрей;1;1;True;True;False;False;False;True;True;False;False;True;False;False;True;True;8;Высокий;"ниже рынка; ниже 90% рынка; ниже МЦП; GM2<0; несколько оценок"
Z8TND5FEAFM004921;Avangard Приморский;Citroen;C4;2015;112738;Хорошее (B);B;True;<1 млн ₽;78.0;75.0;695000.0;84.0;;;;;;584650.0;71.0;110350.0;16.0;11606.0;1.7;Низкая прибыль;152294;4.0;17.0;звонки были;3+;14;Параничев Андрей;Битюцких Дмитрий;Trade-In на новый;80.0;625040.0;20000.0;733000.0;1;Параничев Андрей;Битюцких Дмитрий;1;1;False;True;False;False;False;True;True;False;False;False;False;False;False;False;3;Средний;"ниже рынка; ниже 90% рынка"
LM8F7E996RAA39227;Avangard Приморский;Seres;M7;2024;13260;Отличное (A);A;True;3–5 млн ₽;75.0;76.0;4990000.0;101.0;;;;;;;;;;;;;15177;4.0;11.0;звонки были;;;;;;;;;;0;;;1;1;False;False;False;False;False;False;False;False;False;False;False;False;False;False;0;Низкий;
LM8F7E792RAA02257;Avangard Приморский;Seres;M5;2024;4323;Отличное (A);A;True;3–5 млн ₽;41.0;41.0;4200000.0;96.0;;;;;;;;;;;;;19144;3.0;3.0;звонки были;;;;;;;;;;0;;;1;1;False;False;False;False;False;True;False;False;False;False;False;False;False;False;2;Низкий;ниже рынка
LBV21GT09S1B32083;Avangard Приморский;BMW;X3;2025;1223;Хорошее (B);B;True;5+ млн ₽;59.0;58.0;6899000.0;95.0;;;;;;6415616.0;88.0;483384.0;7.0;10504.0;0.2;Убыток;4374;2.0;3.0;звонки были;5;8;;;;;;;;0;;;1;1;False;False;False;False;False;True;False;False;False;False;False;False;False;False;2;Низкий;ниже рынка
WBAKV210800T87771;Avangard Приморский;BMW;X6;2016;94150;Хорошее (B);B;True;3–5 млн ₽;66.0;65.0;3450000.0;82.0;;;;;;1440.0;0.0;198560.0;6.0;-45690.0;-1.3;Убыток;157513;3.0;35.0;звонки были;3-;35;;;;;;;;0;;;1;1;False;False;False;False;False;True;True;False;False;False;False;False;True;False;5;Средний;"ниже рынка; ниже 90% рынка; GM2<0"
SADCA2BN5KA615630;Avangard Приморский;Jaguar;F-Pace;2019;159792;Среднее (C);C;True;2–3 млн ₽;49.0;7.0;2488000.0;104.0;;;;;;1949092.0;81.0;538908.0;22.0;313825.0;12.6;Высокая прибыль;107653;3.0;3.0;звонки были;3-;24;;;;;;;;0;;;1;1;False;False;False;False;False;False;False;False;False;False;False;False;False;False;0;Низкий;
XWEFC41CBMC012606;Avangard Приморский;Kia;Cerato;2021;130700;Хорошее (B);B;True;1–2 млн ₽;62.0;53.0;1760000.0;90.0;;;;;;1556091.0;79.0;203909.0;12.0;41836.0;2.4;Низкая прибыль;86110;1.0;5.0;звонки были;3+;30;;;;;;;;0;;;1;1;False;False;False;False;False;True;False;False;False;False;False;False;False;False;2;Низкий;ниже рынка
LGWFF7A54PJ640915;Avangard Приморский;Tank;300;2023;100904;Среднее (C);C;True;2–3 млн ₽;48.0;43.0;2948000.0;99.0;;;;;;2525100.0;85.0;422900.0;14.0;191740.0;6.5;Средняя прибыль;48325;4.0;7.0;звонки были;4+;18;;;;;;;;0;;;1;1;False;False;False;False;False;True;False;False;False;False;False;False;False;False;2;Низкий;ниже рынка
VF1JMK40639833447;Avangard Приморский;Renault;Scenic;2008;269469;Плохое (D);D;True;<1 млн ₽;59.0;0.0;418000.0;;;;;;;208470.0;;209530.0;50.0;139218.0;33.3;Высокая прибыль;;;;нет данных;;;;;;;;;;0;;;1;1;False;False;True;False;True;False;False;False;False;False;False;False;False;False;3;Средний;"без публикации; нет данных по звонкам"
X7LRJC4D164227442;Avangard Приморский;Renault;Arkana;2019;118951;Хорошее (B);B;True;1–2 млн ₽;64.0;59.0;1358000.0;85.0;;;;;;1120218.0;70.0;237782.0;18.0;80470.0;5.9;Средняя прибыль;100630;1.0;17.0;звонки были;3;27;;;;;;;;0;;;1;1;False;False;False;False;False;True;True;False;False;False;False;False;False;False;3;Средний;"ниже рынка; ниже 90% рынка"
XWEPH81ADM0054566;Avangard Приморский;Kia;Sportage;2020;105509;Среднее (C);C;True;2–3 млн ₽;50.0;37.0;2108000.0;86.0;;;;;;1658606.0;68.0;449394.0;21.0;228767.0;10.9;Высокая прибыль;84816;3.0;14.0;звонки были;4+;14;;;;;;;;0;;;1;1;False;False;False;False;False;True;True;False;False;False;False;False;False;False;3;Средний;"ниже рынка; ниже 90% рынка"
X4XKV294300S13507;Avangard Приморский;BMW;X6;2016;224000;Хорошее (B);B;True;3–5 млн ₽;53.0;39.0;3050000.0;97.0;;;;;;2477220.0;79.0;572780.0;19.0;293610.0;9.6;Высокая прибыль;154655;3.0;5.0;звонки были;3-;35;;;;;;;;0;;;1;1;False;False;False;False;False;True;False;False;False;False;False;False;False;False;2;Низкий;ниже рынка
WBAJV61060BL14017;Avangard Приморский;BMW;6 серии;2017;175360;Среднее (C);C;True;3–5 млн ₽;59.0;46.0;3299000.0;74.0;;;;;;2601786.0;58.0;697214.0;21.0;362888.0;11.0;Высокая прибыль;127843;3.0;6.0;звонки были;;;;;;;;;;0;;;1;1;False;False;False;False;False;True;True;True;False;False;False;False;False;False;5;Средний;"ниже рынка; ниже 90% рынка; ниже 80% рынка"
JF1SH9LT5BG218172;Avangard Приморский;Subaru;Forester;2011;95400;Хорошее (B);B;True;1–2 млн ₽;102.0;88.0;1399000.0;135.0;1427551.0204081633;98.0;98.0;-28551.020408163313;-2.0;1037998.0;100.0;361002.0;26.0;100118.0;7.2;Высокая прибыль;290118;12.0;47.0;звонки были;;;;;;;;;;0;;;1;1;True;False;False;False;False;False;False;False;False;True;False;False;False;False;3;Средний;ниже МЦП
JMBXTGF2WDZ007347;Avangard Приморский;Mitsubishi;Outlander;2012;208300;Среднее (C);C;True;<1 млн ₽;82.0;67.0;966000.0;91.0;;;;;;844300.0;79.0;121700.0;13.0;5656.0;0.6;Убыток;209226;3.0;8.0;звонки были;4-;23;;;;;;;;0;;;1;1;False;False;False;False;False;True;False;False;False;False;False;False;False;False;2;Низкий;ниже рынка
X4XHT99420EC46318;Avangard Приморский;BMW;X1;2018;210531;Среднее (C);C;True;1–2 млн ₽;133.0;108.0;1837000.0;83.0;;;;;;1611794.0;73.0;225206.0;12.0;-42615.0;-2.3;Убыток;222188;0.0;11.0;звонки были;3;23;;;;;;;;0;;;1;1;False;False;False;False;False;True;True;False;False;False;False;False;True;False;5;Средний;"ниже рынка; ниже 90% рынка; GM2<0"
LGWEF4A58RF704437;Avangard Приморский;Haval;M6;2024;62017;Хорошее (B);B;True;1–2 млн ₽;112.0;106.0;1590000.0;95.0;1606060.606060606;99.0;99.0;-16060.606060605962;-1.0;1228908.0;73.0;361092.0;23.0;94699.0;6.0;Высокая прибыль;26621;2.0;19.0;звонки были;4-;26;;;;;;;;0;;;1;1;True;False;False;False;False;True;False;False;False;True;False;False;False;False;5;Средний;"ниже рынка; ниже МЦП"
XWEGU411BL0018475;Avangard Приморский;Kia;Optima;2019;108850;Хорошее (B);B;True;1–2 млн ₽;68.0;59.0;1760000.0;96.0;;;;;;1508470.0;82.0;251530.0;14.0;75439.0;4.3;Средняя прибыль;213748;4.0;10.0;звонки были;4;30;;;;;;;;0;;;1;1;False;False;False;False;False;True;False;False;False;False;False;False;False;False;2;Низкий;ниже рынка
Z8TXTGF2WKM000878;Avangard Приморский;Mitsubishi;Outlander;2018;195650;Хорошее (B);B;True;1–2 млн ₽;94.0;74.0;1559000.0;89.0;;;;;;1281600.0;73.0;277400.0;18.0;72451.0;4.6;Средняя прибыль;141322;5.0;7.0;звонки были;4;22;;;;;;;;0;;;1;1;False;False;False;False;False;True;True;False;False;False;False;False;False;False;3;Средний;"ниже рынка; ниже 90% рынка"
SJNFBNJ11U1461869;Avangard Приморский;Nissan;Qashqai;2015;187671;Среднее (C);C;True;1–2 млн ₽;87.0;63.0;1325000.0;86.0;;;;;;1071100.0;70.0;253900.0;19.0;88673.0;6.7;Высокая прибыль;142675;1.0;3.0;звонки были;3+;21;;;;;;;;0;;;1;1;False;False;False;False;False;True;True;False;False;False;False;False;False;False;3;Средний;"ниже рынка; ниже 90% рынка"
KL1SF697J8B229247;Avangard Приморский;Chevrolet;Aveo;2008;139848;Плохое (D);D;True;<1 млн ₽;78.0;67.0;180000.0;62.0;;;;;;109362.0;37.0;70638.0;39.0;33357.0;18.5;Высокая прибыль;221735;0.0;1.0;звонки были;4-;35;;;;;;;;0;;;1;1;False;False;False;False;False;True;True;True;False;False;False;False;False;False;5;Средний;"ниже рынка; ниже 90% рынка; ниже 80% рынка"
RUMGJ523803012161;Avangard Приморский;Mazda;6;2019;97408;Среднее (C);C;True;1–2 млн ₽;134.0;126.0;1995000.0;80.0;2035714.2857142857;98.0;98.0;-40714.28571428568;-2.0;1739974.0;69.0;255026.0;13.0;-82761.0;-4.1;Убыток;133434;5.0;47.0;звонки были;3+;14;;;;;;;;0;;;1;1;True;False;False;False;False;True;True;False;False;True;False;False;True;False;8;Высокий;"ниже рынка; ниже 90% рынка; ниже МЦП; GM2<0"
JMBXTGA2WKU004436;Avangard Приморский;Mitsubishi;ASX;2019;119781;Хорошее (B);B;True;1–2 млн ₽;65.0;54.0;1611000.0;97.0;;;;;;1336790.0;80.0;274210.0;17.0;101063.0;6.3;Средняя прибыль;125877;1.0;4.0;звонки были;3+;16;;;;;;;;0;;;1;1;False;False;False;False;False;True;False;False;False;False;False;False;False;False;2;Низкий;ниже рынка
SJNFAAE11U1268559;Avangard Приморский;Nissan;Note;2008;164100;Среднее (C);C;True;<1 млн ₽;85.0;72.0;360000.0;74.0;;;;;;230681.0;47.0;129319.0;36.0;70619.0;19.6;Высокая прибыль;227024;1.0;2.0;звонки были;4;21;;;;;;;;0;;;1;1;False;False;False;False;False;True;True;True;False;False;False;False;False;False;5;Средний;"ниже рынка; ниже 90% рынка; ниже 80% рынка"
WDF63971313483822;Avangard Приморский;Mercedes-Benz;Viano;2008;320208;Плохое (D);D;True;<1 млн ₽;127.0;0.0;960000.0;;;;;;;878022.0;;81978.0;9.0;-16447.0;-1.7;Убыток;;;;нет данных;;;;;;;;;;0;;;1;1;False;False;True;False;True;False;False;False;False;False;False;False;True;False;5;Средний;"без публикации; нет данных по звонкам; GM2<0"
Z8T4C5FS9AM013934;Avangard Приморский;Peugeot;308;2010;156731;Среднее (C);C;True;<1 млн ₽;74.0;58.0;370000.0;77.0;;;;;;240894.0;50.0;129106.0;35.0;70348.0;19.0;Высокая прибыль;178735;1.0;9.0;звонки были;3+;41;;;;;;;;0;;;1;1;False;False;False;False;False;True;True;True;False;False;False;False;False;False;5;Средний;"ниже рынка; ниже 90% рынка; ниже 80% рынка"
XUFJF696JE3027057;Avangard Приморский;Chevrolet;Cruze;2014;85622;Среднее (C);C;True;<1 млн ₽;102.0;85.0;711000.0;87.0;;;;;;533136.0;65.0;177864.0;25.0;51548.0;7.3;Высокая прибыль;222840;5.0;33.0;звонки были;3-;35;;;;;;;;0;;;1;1;False;False;False;False;False;True;True;False;False;False;False;False;False;False;3;Средний;"ниже рынка; ниже 90% рынка"
SALCA2BN0HH672953;Avangard Приморский;Land Rover;Discovery Sport;2017;172138;Среднее (C);C;True;1–2 млн ₽;147.0;122.0;1697000.0;69.0;;;;;;1453806.0;59.0;243194.0;14.0;-42412.0;-2.5;Убыток;140942;2.0;14.0;звонки были;1;;;;;;;;;0;;;1;1;False;False;False;False;False;True;True;True;False;False;False;False;True;False;7;Высокий;"ниже рынка; ниже 90% рынка; ниже 80% рынка; GM2<0"
XW8ZZZ5NZCG125704;Avangard Приморский;Volkswagen;Tiguan;2012;115950;Среднее (C);C;True;<1 млн ₽;65.0;52.0;995000.0;89.0;;;;;;742730.0;67.0;252270.0;25.0;108181.0;10.9;Высокая прибыль;201988;2.0;24.0;звонки были;2+;27;;;;;;;;0;;;1;1;False;False;False;False;False;True;True;False;False;False;False;False;False;False;3;Средний;"ниже рынка; ниже 90% рынка"
WDD2050451R217347;Avangard Приморский;Mercedes-Benz;C-Класс;2016;72523;Хорошее (B);B;True;2–3 млн ₽;91.0;88.0;2350000.0;105.0;;;;;;2000.0;0.0;;;;;;192698;0.0;4.0;звонки были;1;;;;;;;;;0;;;1;1;False;False;False;False;False;False;False;False;False;False;False;False;False;False;0;Низкий;
WVWZZZ6RZCY181647;Avangard Приморский;Volkswagen;Polo;2012;177420;Среднее (C);C;True;<1 млн ₽;92.0;59.0;536000.0;79.0;;;;;;398529.0;59.0;137471.0;26.0;57286.0;10.7;Высокая прибыль;170633;3.0;5.0;звонки были;;;;;;;;;;0;;;1;1;False;False;False;False;False;True;True;True;False;False;False;False;False;False;5;Средний;"ниже рынка; ниже 90% рынка; ниже 80% рынка"
XW8AC2NH3KK122496;Avangard Приморский;Skoda;Rapid;2019;99358;Среднее (C);C;True;1–2 млн ₽;97.0;81.0;1019000.0;75.0;1050515.4639175257;97.0;97.0;-31515.463917525718;-3.0;901026.0;66.0;117974.0;12.0;-21660.0;-2.1;Убыток;140241;1.0;9.0;звонки были;4+;28;;;;;;;;0;;;1;1;True;False;False;False;False;True;True;True;False;True;False;False;True;False;10;Критический;"ниже рынка; ниже 90% рынка; ниже 80% рынка; ниже МЦП; GM2<0"
WDD2130421A064770;Avangard Приморский;Mercedes-Benz;E-Класс;2016;126278;Среднее (C);C;True;2–3 млн ₽;95.0;77.0;2190000.0;76.0;;;;;;1915450.0;67.0;274550.0;13.0;30799.0;1.4;Низкая прибыль;110683;1.0;8.0;звонки были;3;38;;;;;;;;0;;;1;1;False;False;False;False;False;True;True;True;False;False;False;False;False;False;5;Средний;"ниже рынка; ниже 90% рынка; ниже 80% рынка"
XWEJ3813BL0008999;Avangard Приморский;Hyundai;Tucson;2019;187022;Хорошее (B);B;True;1–2 млн ₽;102.0;86.0;1705000.0;87.0;;;;;;1523070.0;78.0;181930.0;11.0;-25497.0;-1.5;Убыток;132778;1.0;6.0;звонки были;4;22;;;;;;;;0;;;1;1;False;False;False;False;False;True;True;False;False;False;False;False;True;False;5;Средний;"ниже рынка; ниже 90% рынка; GM2<0"
XWEHM512AE0005014;Avangard Приморский;Kia;Ceed;2014;134093;Хорошее (B);B;True;<1 млн ₽;100.0;94.0;826000.0;83.0;834343.4343434344;99.0;99.0;-8343.434343434405;-1.0;614400.0;62.0;211600.0;26.0;66463.0;8.0;Высокая прибыль;166014;1.0;4.0;звонки были;3;35;;;;;;;;0;;;1;1;True;False;False;False;False;True;True;False;False;True;False;False;False;False;6;Высокий;"ниже рынка; ниже 90% рынка; ниже МЦП"
YV1DZAHH6F2720862;Avangard Приморский;Volvo;XC60;2015;207019;Плохое (D);D;True;1–2 млн ₽;89.0;61.0;1462000.0;81.0;;;;;;1283436.0;71.0;178564.0;12.0;11865.0;0.8;Убыток;187364;10.0;31.0;звонки были;2+;20;;;;;;;;0;;;1;1;False;False;False;False;False;True;True;False;False;False;False;False;False;False;3;Средний;"ниже рынка; ниже 90% рынка"
XTAGFL440LY442869;Avangard Приморский;Lada (ВАЗ);Vesta;2020;46517;Хорошее (B);B;True;<1 млн ₽;154.0;133.0;930000.0;84.0;989361.7021276596;94.0;94.0;-59361.70212765958;-6.0;852100.0;77.0;77900.0;8.0;-79420.0;-8.5;Убыток;125373;0.0;12.0;звонки были;3;35;;;;;;;;0;;;1;1;True;False;False;False;False;True;True;False;False;True;True;False;True;False;9;Критический;"ниже рынка; ниже 90% рынка; ниже МЦП; ниже 95% МЦП; GM2<0"
